J2,baseline,gamma,O_initial,O_final,max_O,iterations,exact_signs_reached,approx_energy,approx_energy_error_per_site
0.5,marshall,0.0,0.9745380645577977,0.9745380645577977,0.9745380645577977,2,False,-5.06666666666667,0.21195354279551148
0.5,marshall,0.25,0.9745380645577977,0.9745380645577977,0.9745380645577977,0,False,-6.267875751734933,0.13687797497874504
0.5,marshall,0.5,0.9745380645577977,0.9745352873831403,0.9745380645577977,1,False,-7.323775623287807,0.07088423300669044
0.5,marshall,0.75,0.9745380645577977,1.0,1.0,4,True,-8.230681087749186,0.014202641477854216
0.5,marshall,0.9,0.9745380645577977,1.0,1.0,3,True,-8.425060816536385,0.002053908428654272
0.5,marshall,1.0,0.9745380645577977,1.0,1.0,3,True,-8.45792335139485,2.220446049250313e-16
0.5,marshall,1.1,0.9745380645577977,0.9999996259406414,0.9999996259406414,3,False,-8.428978854901358,0.001809031030843511
0.5,marshall,1.25,0.9745380645577977,0.9999959419320381,0.9999959419320381,2,False,-8.292148967559411,0.01036089898971515
0.6,marshall,0.0,0.7955724433085023,0.7954737349993113,0.7955724433085023,1,False,-4.26865578865579,0.2591048352240277
0.6,marshall,0.25,0.7955724433085023,0.7941133621957823,0.7955724433085023,3,False,-5.211890170354588,0.20015268636785288
0.6,marshall,0.5,0.7955724433085023,0.7772124980408455,0.7955724433085023,8,False,-6.409199857340732,0.12532083093121887
0.6,marshall,0.75,0.7955724433085023,1.0000000000000002,1.0000000000000002,7,True,-8.206482747169634,0.012990650316912489
0.6,marshall,0.9,0.7955724433085023,1.0000000000000002,1.0000000000000002,4,True,-8.383297850187546,0.0019397063782929935
0.6,marshall,1.0,0.7955724433085023,1.0000000000000002,1.0000000000000002,4,True,-8.414333152240209,1.5543122344752192e-15
0.6,marshall,1.1,0.7955724433085023,1.0000000000000002,1.0000000000000002,4,True,-8.386269950939088,0.0017539500813216202
0.6,marshall,1.25,0.7955724433085023,0.9998985132383371,0.9998985132383371,4,False,-8.25262943678829,0.010106482215746504
1.0,stripe_x,0.0,0.9558187845895003,0.9558187845895003,0.9558187845895003,0,False,-9.600000000000005,0.1684681385064054
1.0,stripe_x,0.25,0.9558187845895003,0.9558187845895003,0.9558187845895003,2,False,-10.346749442305999,0.12179629836228079
1.0,stripe_x,0.5,0.9558187845895003,0.9558187845895003,0.9558187845895003,2,False,-11.035492873602838,0.07874983390622836
1.0,stripe_x,0.75,0.9558187845895003,0.9999759318726769,0.9999991438649268,4,False,-12.015347368203141,0.0175089279937094
1.0,stripe_x,0.9,0.9558187845895003,0.9999988766594194,0.9999991438649268,4,False,-12.24926339619418,0.0028891762442694313
1.0,stripe_x,1.0,0.9558187845895003,0.9999999999999999,0.9999999999999999,4,True,-12.295490216102476,9.992007221626409e-16
1.0,stripe_x,1.1,0.9558187845895003,0.9999994110704341,0.9999997055352171,4,False,-12.248421102492083,0.0029418196006505415
1.0,stripe_x,1.25,0.9558187845895003,0.9999994110704341,0.9999994110704341,3,False,-12.007598106094907,0.01799325687547404
