J2,baseline,q_target,q_actual,trial,O_initial,success_exact,iterations,O_final,oracle_O_after_first
0.5,marshall,0.001,0.0009693631897951274,0,0.9980612736204098,True,3,1.0,0.9999799339902045
0.5,marshall,0.001,0.0014160249115545227,1,0.9971679501768911,True,3,1.0,0.9999956286767226
0.5,marshall,0.001,0.0010682589827103988,2,0.9978634820345793,True,3,1.0,0.999956852086936
0.5,marshall,0.001,0.0010278982099187796,3,0.9979442035801626,True,2,1.0,0.99999557282664
0.5,marshall,0.001,0.00117116244283845,4,0.9976576751143231,True,2,1.0,0.9999970322523348
0.5,marshall,0.001,0.0010139413173985248,5,0.997972117365203,True,2,1.0,0.9999977618013176
0.5,marshall,0.001,0.0010013162712508134,6,0.9979973674574985,True,3,1.0,0.9999932201947623
0.5,marshall,0.001,0.0009341052249407332,7,0.9981317895501186,True,3,1.0,0.9999903992315499
0.5,marshall,0.001,0.00033844133595368987,8,0.9993231173280926,True,3,1.0,0.9999894645599857
0.5,marshall,0.001,0.0011703815504201798,9,0.9976592368991597,True,2,1.0,0.9999970322523362
0.5,marshall,0.001,0.0012921730635601285,10,0.9974156538728798,True,2,1.0,0.9999958879808677
0.5,marshall,0.001,0.00013353791396011333,11,0.9997329241720798,True,2,1.0,0.9999991843335465
0.5,marshall,0.001,0.001002324221483058,12,0.9979953515570339,True,2,1.0,0.9999966659312818
0.5,marshall,0.001,0.0012147252644548064,13,0.9975705494710905,True,2,1.0,0.9999963268376155
0.5,marshall,0.001,0.00114670845328739,14,0.9977065830934253,True,3,1.0,0.999979790939608
0.5,marshall,0.001,0.0015103502239827682,15,0.9969792995520345,True,2,1.0,0.9999969746896967
0.5,marshall,0.005,0.005000024073736739,0,0.9899999518525266,True,3,1.0,0.9999157927672135
0.5,marshall,0.005,0.0050180804559566815,1,0.9899638390880867,True,3,1.0,0.9999859367580191
0.5,marshall,0.005,0.004963139566732643,2,0.9900737208665349,True,3,1.0,0.9999240152547237
0.5,marshall,0.005,0.005011067862507254,3,0.9899778642749856,True,3,1.0,0.9999397041256238
0.5,marshall,0.005,0.00488814059529649,4,0.9902237188094072,True,3,1.0,0.9999484056817083
0.5,marshall,0.005,0.004991266324086724,5,0.9900174673518266,True,3,1.0,0.9999723597586821
0.5,marshall,0.005,0.005097924173313542,6,0.9898041516533729,True,3,1.0,0.9998442708889619
0.5,marshall,0.005,0.005002974913647804,7,0.9899940501727045,True,2,1.0,0.9999864373628096
0.5,marshall,0.005,0.004946330680086432,8,0.9901073386398271,True,3,1.0,0.999951496657731
0.5,marshall,0.005,0.0050198279916462895,9,0.9899603440167074,True,3,1.0,0.9999326873182109
0.5,marshall,0.005,0.004790053371179213,10,0.9904198932576417,True,3,1.0,0.9998995639629548
0.5,marshall,0.005,0.004536508802534785,11,0.9909269823949305,True,3,1.0,0.9999657835420817
0.5,marshall,0.005,0.005093019043942337,12,0.9898139619121153,True,3,1.0,0.9999129577782919
0.5,marshall,0.005,0.00458515762050493,13,0.9908296847589904,True,3,1.0,0.999916390041383
0.5,marshall,0.005,0.00499139118613161,14,0.9900172176277369,True,3,1.0,0.9999170577105418
0.5,marshall,0.005,0.0038183232055878044,15,0.9923633535888244,True,3,1.0,0.999978347107387
0.5,marshall,0.01,0.010033350222062963,0,0.979933299555874,True,3,1.0,0.9999102979450096
0.5,marshall,0.01,0.009302333623383448,1,0.9813953327532332,True,3,1.0,0.999796427526642
0.5,marshall,0.01,0.00961128090999366,2,0.9807774381800127,True,3,1.0,0.9998979004165787
0.5,marshall,0.01,0.009990007466260884,3,0.9800199850674783,True,3,1.0,0.9999651554815095
0.5,marshall,0.01,0.008248880432658486,4,0.983502239134683,True,3,1.0,0.9998793859712964
0.5,marshall,0.01,0.008840223248875005,5,0.98231955350225,True,3,1.0,0.9998766024047785
0.5,marshall,0.01,0.009981908565057228,6,0.9800361828698856,True,3,1.0,0.9999322716862169
0.5,marshall,0.01,0.010268054145577094,7,0.9794638917088458,True,3,1.0,0.9998483432893959
0.5,marshall,0.01,0.009605669851719496,8,0.980788660296561,True,3,1.0,0.9998720455285599
0.5,marshall,0.01,0.008992744778647489,9,0.9820145104427052,True,3,1.0,0.9999709756335002
0.5,marshall,0.01,0.008293900286333613,10,0.9834121994273328,True,3,1.0,0.9998889405129876
0.5,marshall,0.01,0.01042124049230838,11,0.9791575190153832,True,3,1.0,0.9999530569307238
0.5,marshall,0.01,0.009989754903499754,12,0.9800204901930005,True,3,1.0,0.9999237094940481
0.5,marshall,0.01,0.009935111701767014,13,0.980129776596466,True,3,1.0,0.9998897507603737
0.5,marshall,0.01,0.010075387980468297,14,0.9798492240390635,True,3,1.0,0.9998946546359677
0.5,marshall,0.01,0.009793914324729579,15,0.9804121713505409,True,3,1.0,0.999934379159658
0.5,marshall,0.02,0.01978398503514185,0,0.9604320299297163,True,4,1.0,0.9995953614711189
0.5,marshall,0.02,0.01904533346991496,1,0.9619093330601702,True,4,1.0,0.999437098693102
0.5,marshall,0.02,0.01976975804492446,2,0.9604604839101513,True,3,1.0,0.9996361119046339
0.5,marshall,0.02,0.02105119776405105,3,0.957897604471898,True,3,1.0,0.9994953233760767
0.5,marshall,0.02,0.02000441957604529,4,0.9599911608479097,True,3,1.0,0.9994567840884412
0.5,marshall,0.02,0.01923206106955278,5,0.9615358778608945,True,4,1.0,0.9993605728577084
0.5,marshall,0.02,0.02000606289664335,6,0.9599878742067134,True,3,1.0,0.9995560897349285
0.5,marshall,0.02,0.019984243556693898,7,0.9600315128866123,True,3,1.0,0.9997639446805388
0.5,marshall,0.02,0.019239108342655548,8,0.961521783314689,True,3,1.0,0.9997565245091427
0.5,marshall,0.02,0.02021792048692298,9,0.9595641590261541,True,4,1.0,0.9996419022061058
0.5,marshall,0.02,0.019986231481346116,10,0.9600275370373079,True,4,1.0,0.9993028320290607
0.5,marshall,0.02,0.02050754587038258,11,0.958984908259235,True,3,1.0,0.9993901096874758
0.5,marshall,0.02,0.0199973361708531,12,0.9600053276582938,True,3,1.0,0.9997684357032675
0.5,marshall,0.02,0.019955640695009637,13,0.9600887186099808,True,3,1.0,0.9995373165452527
0.5,marshall,0.02,0.020034309861131597,14,0.959931380277737,True,4,1.0,0.9994703218627718
0.5,marshall,0.02,0.019992663960540464,15,0.9600146720789191,True,4,1.0,0.9994781884327097
0.5,marshall,0.05,0.04987015160402884,0,0.9002596967919423,True,4,1.0,0.9974222528521273
0.5,marshall,0.05,0.049996723796454375,1,0.9000065524070913,True,4,1.0,0.9972040316198048
0.5,marshall,0.05,0.04997890255649849,2,0.9000421948870031,True,4,1.0,0.996420609168967
0.5,marshall,0.05,0.049982909909964596,3,0.9000341801800709,True,4,1.0,0.9971166282495345
0.5,marshall,0.05,0.050360352040781625,4,0.8992792959184368,True,4,1.0,0.9959178962326858
0.5,marshall,0.05,0.04993998060361954,5,0.900120038792761,True,4,1.0,0.9975580157583144
0.5,marshall,0.05,0.05000742917660558,6,0.899985141646789,True,4,1.0,0.9973103868366273
0.5,marshall,0.05,0.05001087262725587,7,0.8999782547454883,True,4,1.0,0.9949069230472846
0.5,marshall,0.05,0.049984985793820526,8,0.900030028412359,True,4,1.0,0.9971833845145659
0.5,marshall,0.05,0.050007470191611364,9,0.8999850596167773,True,4,1.0,0.9959934361382692
0.5,marshall,0.05,0.04996246727277285,10,0.9000750654544544,True,4,1.0,0.9960748771159252
0.5,marshall,0.05,0.050020873826732024,11,0.899958252346536,True,4,1.0,0.9968333012680871
0.5,marshall,0.05,0.04932051266150908,12,0.9013589746769819,True,4,1.0,0.9973897024473117
0.5,marshall,0.05,0.04968209695902009,13,0.9006358060819599,True,4,1.0,0.9994294598234721
0.5,marshall,0.05,0.04990242770295113,14,0.9001951445940979,True,4,1.0,0.9988094761802448
0.5,marshall,0.05,0.050265289025742954,15,0.8994694219485142,True,3,1.0,0.9994405894509968
0.5,marshall,0.1,0.0972115739670914,0,0.8055768520658173,True,5,1.0,0.9853648376439836
0.5,marshall,0.1,0.09914419732547076,1,0.8017116053490585,True,4,1.0,0.9863194973006575
0.5,marshall,0.1,0.09967533512593559,2,0.800649329748129,True,5,1.0,0.986558971323892
0.5,marshall,0.1,0.09950960769233877,3,0.8009807846153226,True,4,1.0,0.9862988564810399
0.5,marshall,0.1,0.1003510589931427,4,0.7992978820137147,True,5,1.0,0.9858638048678854
0.5,marshall,0.1,0.10034072468965406,5,0.7993185506206919,True,4,1.0,0.98884797059045
0.5,marshall,0.1,0.10000077061513252,6,0.7999984587697351,True,4,1.0,0.989365666706975
0.5,marshall,0.1,0.09908457469841532,7,0.8018308506031694,True,4,1.0,0.9811848091065406
0.5,marshall,0.1,0.10014875586984137,8,0.7997024882603174,True,4,1.0,0.9866241132955387
0.5,marshall,0.1,0.10023163428463536,9,0.7995367314307293,True,5,1.0,0.9871313283219856
0.5,marshall,0.1,0.10001426020863646,10,0.7999714795827272,True,4,1.0,0.9849297711416117
0.5,marshall,0.1,0.099959674197235,11,0.8000806516055301,True,5,1.0,0.9854676021586639
0.5,marshall,0.1,0.10020506539100361,12,0.7995898692179928,True,4,1.0,0.9851963370926775
0.5,marshall,0.1,0.10057809875221571,13,0.7988438024955686,True,4,1.0,0.9863660857169716
0.5,marshall,0.1,0.10029183710680763,14,0.7994163257863849,True,4,1.0,0.9813830237510737
0.5,marshall,0.1,0.10052781239632157,15,0.798944375207357,True,5,1.0,0.9817951919026854
0.5,marshall,0.15,0.14850317094448606,0,0.7029936581110281,True,5,1.0,0.9511202939830938
0.5,marshall,0.15,0.1501614392022629,1,0.6996771215954742,True,5,1.0,0.971356904529127
0.5,marshall,0.15,0.1498689935305424,2,0.7002620129389154,True,5,1.0,0.9695886956234396
0.5,marshall,0.15,0.14944155282579583,3,0.7011168943484085,True,5,1.0,0.966604493365741
0.5,marshall,0.15,0.14954862511791994,4,0.7009027497641602,True,5,1.0,0.965059965891925
0.5,marshall,0.15,0.15041173725498902,5,0.6991765254900221,True,5,1.0,0.9532862380187023
0.5,marshall,0.15,0.15004238941324122,6,0.6999152211735176,True,5,1.0,0.9436825649515721
0.5,marshall,0.15,0.1490261636816294,7,0.7019476726367413,True,5,1.0,0.969166159185141
0.5,marshall,0.15,0.1494021744188722,8,0.7011956511622557,True,5,1.0,0.9721072665533466
0.5,marshall,0.15,0.14999143398740297,9,0.7000171320251942,True,5,1.0,0.97426632982784
0.5,marshall,0.15,0.15023995087583508,10,0.6995200982483298,True,5,1.0,0.9564653526798914
0.5,marshall,0.15,0.15017403708896704,11,0.6996519258220659,True,5,1.0,0.9592130412156865
0.5,marshall,0.15,0.1493657170814181,12,0.7012685658371638,True,5,1.0,0.9572939867538457
0.5,marshall,0.15,0.15028266830543235,13,0.6994346633891354,True,5,1.0,0.9593040200544808
0.5,marshall,0.15,0.150045576853308,14,0.6999088462933841,True,5,1.0,0.9677416044300492
0.5,marshall,0.15,0.15161657722715013,15,0.6967668455456999,True,5,1.0,0.9518434527163087
0.5,marshall,0.2,0.20005197920202156,0,0.599896041595957,True,6,1.0,0.9117444534099942
0.5,marshall,0.2,0.2004190516914065,1,0.599161896617187,True,5,1.0,0.9237632255162045
0.5,marshall,0.2,0.2000160714303368,2,0.5999678571393264,True,5,1.0,0.9167936734146335
0.5,marshall,0.2,0.20002880017634245,3,0.5999423996473152,True,5,1.0,0.921175156438566
0.5,marshall,0.2,0.200639596941957,4,0.598720806116086,True,5,1.0,0.9280927793103797
0.5,marshall,0.2,0.19967375159486236,5,0.6006524968102753,True,6,1.0,0.9347642155666196
0.5,marshall,0.2,0.1998873213478038,6,0.6002253573043925,True,6,1.0,0.9171718928146353
0.5,marshall,0.2,0.19966298883827927,7,0.6006740223234416,True,5,1.0,0.9312453243690623
0.5,marshall,0.2,0.20098009571272105,8,0.598039808574558,True,6,1.0,0.8898244633465207
0.5,marshall,0.2,0.19991558268973247,9,0.6001688346205352,True,6,1.0,0.9297751288352953
0.5,marshall,0.2,0.2001256384664115,10,0.5997487230671772,True,6,1.0,0.9100075572671844
0.5,marshall,0.2,0.20042350687368407,11,0.5991529862526319,True,5,1.0,0.917383108461596
0.5,marshall,0.2,0.20247696279445748,12,0.5950460744110853,True,5,1.0,0.9339485785891597
0.5,marshall,0.2,0.19713423253859066,13,0.6057315349228187,True,5,1.0,0.9127880462185178
0.5,marshall,0.2,0.19881504485170204,14,0.602369910296596,True,5,1.0,0.9242101351300258
0.5,marshall,0.2,0.19990281615348726,15,0.6001943676930257,True,5,1.0,0.9060525016893584
0.5,marshall,0.25,0.2495714250403605,0,0.5008571499192791,True,6,1.0,0.8428823075542295
0.5,marshall,0.25,0.2500708124703347,1,0.4998583750593308,True,7,1.0,0.8392664970297006
0.5,marshall,0.25,0.25004061954863976,2,0.4999187609027206,True,6,1.0,0.8280165186956084
0.5,marshall,0.25,0.24962839132404585,3,0.5007432173519084,True,5,1.0,0.8655202898647234
0.5,marshall,0.25,0.24993612679317218,4,0.5001277464136556,True,6,1.0,0.8487465487100098
0.5,marshall,0.25,0.25026118780324164,5,0.49947762439351684,True,6,1.0,0.8298291048588353
0.5,marshall,0.25,0.25012094164800436,6,0.4997581167039913,True,6,1.0,0.863570319234714
0.5,marshall,0.25,0.24679307342424783,7,0.5064138531515043,True,6,1.0,0.8500816898007826
0.5,marshall,0.25,0.2499974285250963,8,0.5000051429498076,True,6,1.0,0.8336932858527906
0.5,marshall,0.25,0.25002657629364666,9,0.4999468474127068,True,6,1.0,0.8557151736023293
0.5,marshall,0.25,0.2501137578606497,10,0.4997724842787006,True,6,1.0,0.8257850728648215
0.5,marshall,0.25,0.2495428378877409,11,0.5009143242245182,True,6,1.0,0.8207947580331492
0.5,marshall,0.25,0.24992516044583427,12,0.5001496791083315,True,6,1.0,0.8321712603301141
0.5,marshall,0.25,0.2500715256109199,13,0.49985694877816034,True,6,1.0,0.8402624673938148
0.5,marshall,0.25,0.24915634962218636,14,0.5016873007556274,True,6,1.0,0.853812058362207
0.5,marshall,0.25,0.25004924826364094,15,0.4999015034727182,True,6,1.0,0.8104486658629025
0.5,marshall,0.3,0.3000033853254585,0,0.3999932293490831,True,7,1.0,0.7283136516253699
0.5,marshall,0.3,0.300015734491243,1,0.39996853101751406,True,6,1.0,0.7149681902106109
0.5,marshall,0.3,0.29989857477308257,2,0.4002028504538351,True,7,1.0,0.7230050841115647
0.5,marshall,0.3,0.2999960459987698,3,0.40000790800246055,True,6,1.0,0.7689220422823984
0.5,marshall,0.3,0.3002556389233125,4,0.39948872215337505,True,7,1.0,0.7444035271723101
0.5,marshall,0.3,0.30006416183830853,5,0.39987167632338305,True,6,1.0,0.7492365986575898
0.5,marshall,0.3,0.29999808378964254,6,0.40000383242071497,True,7,1.0,0.7407637838565246
0.5,marshall,0.3,0.29981040220367255,7,0.40037919559265495,True,6,1.0,0.7404448182380508
0.5,marshall,0.3,0.2991838862557529,8,0.4016322274884943,True,7,1.0,0.743312143549149
0.5,marshall,0.3,0.30050659167787375,9,0.3989868166442526,True,6,1.0,0.7331469656299671
0.5,marshall,0.3,0.2996477742835212,10,0.40070445143295774,True,7,1.0,0.7518390731009764
0.5,marshall,0.3,0.3000725379440726,11,0.39985492411185486,True,7,1.0,0.7400640789714054
0.5,marshall,0.3,0.3002897167891899,12,0.39942056642162016,True,8,1.0,0.7303055184753613
0.5,marshall,0.3,0.3000043765158197,13,0.39999124696836086,True,7,1.0,0.764167556217898
0.5,marshall,0.3,0.29998213048362343,14,0.40003573903275325,True,8,1.0,0.7157612959525171
0.5,marshall,0.3,0.30005338715391994,15,0.39989322569216007,True,7,1.0,0.7366551890315438
0.5,marshall,0.35,0.35003992325359945,0,0.2999201534928012,True,8,1.0,0.6012670603072958
0.5,marshall,0.35,0.3501191797964811,1,0.29976164040703784,True,8,1.0,0.6353452019166317
0.5,marshall,0.35,0.35004728159724624,2,0.29990543680550763,True,9,1.0,0.6289111766389948
0.5,marshall,0.35,0.3500065927748208,3,0.29998681445035846,True,8,1.0,0.6174732300192411
0.5,marshall,0.35,0.35030497019691165,4,0.2993900596061769,True,8,1.0,0.5846007974809331
0.5,marshall,0.35,0.35101518752506844,5,0.29796962494986323,True,11,1.0,0.6073408235929982
0.5,marshall,0.35,0.35021611749268233,6,0.2995677650146354,True,9,1.0,0.6151903064151287
0.5,marshall,0.35,0.3509142215225952,7,0.2981715569548097,True,8,1.0,0.6122564354581888
0.5,marshall,0.35,0.34941514680229957,8,0.30116970639540097,True,8,1.0,0.6040893075591944
0.5,marshall,0.35,0.3501965110045743,9,0.29960697799085156,True,9,1.0,0.582877226005722
0.5,marshall,0.35,0.3483455758402431,10,0.3033088483195139,True,9,1.0,0.594457176726426
0.5,marshall,0.35,0.3499475151654823,11,0.3001049696690355,True,8,1.0,0.593182744474744
0.5,marshall,0.35,0.35193904291857686,12,0.29612191416284644,True,9,1.0,0.6131402591303132
0.5,marshall,0.35,0.35218357001699896,13,0.29563285996600225,True,9,1.0,0.6048383556192682
0.5,marshall,0.35,0.34928689387096834,14,0.3014262122580633,True,9,1.0,0.577387215736954
0.5,marshall,0.35,0.35002262439778664,15,0.29995475120442683,True,9,1.0,0.6086141935893993
0.5,marshall,0.4,0.4004191016516966,0,0.19916179669660686,True,10,1.0,0.44869539296210625
0.5,marshall,0.4,0.3999896847770026,1,0.20002063044599494,True,11,1.0,0.43045199043469684
0.5,marshall,0.4,0.39951603314394485,2,0.20096793371211047,True,12,1.0,0.4483961971637373
0.5,marshall,0.4,0.4007424654054383,3,0.1985150691891235,True,11,1.0,0.47012364017644603
0.5,marshall,0.4,0.3999513562778717,4,0.20009728744425676,True,10,1.0,0.46539226078044854
0.5,marshall,0.4,0.4005182864853484,5,0.19896342702930336,True,11,1.0,0.4943659423170681
0.5,marshall,0.4,0.3998673817060581,6,0.20026523658788378,True,12,1.0,0.4711065547224428
0.5,marshall,0.4,0.399986696999589,7,0.20002660600082206,True,12,1.0,0.45150763586715575
0.5,marshall,0.4,0.4000940809073251,8,0.1998118381853498,False,13,1.0,0.4184681532591597
0.5,marshall,0.4,0.39999426235281343,9,0.20001147529437324,True,12,1.0,0.4022551290207512
0.5,marshall,0.4,0.3994862614238601,10,0.20102747715227992,False,13,1.0,0.42657350862021054
0.5,marshall,0.4,0.39969792509172986,11,0.20060414981654046,True,11,1.0,0.42107182358184253
0.5,marshall,0.4,0.3999143198689307,12,0.2001713602621386,True,12,1.0,0.4341504220036024
0.5,marshall,0.4,0.4001524035743175,13,0.19969519285136517,True,10,1.0,0.411893983429914
0.5,marshall,0.4,0.40025782201873594,14,0.1994843559625281,True,12,1.0,0.4663750589293131
0.5,marshall,0.4,0.39859089877712234,15,0.20281820244575544,True,10,1.0,0.49965795155798676
0.5,marshall,0.45,0.45025358024372136,0,0.09949283951255733,False,13,0.759391426480345,0.24110847309641498
0.5,marshall,0.45,0.449980252765288,1,0.1000394944694241,False,13,0.7107421193660407,0.23243511972532405
0.5,marshall,0.45,0.4481199786959539,2,0.10376004260809235,False,13,0.2659321153619796,0.22879075145730138
0.5,marshall,0.45,0.4500711550410081,3,0.09985768991798388,False,13,0.999950375230669,0.2906266531908156
0.5,marshall,0.45,0.4500007449245666,4,0.09999851015086689,False,13,0.9999812817478093,0.2672332968181884
0.5,marshall,0.45,0.4490768457095846,5,0.10184630858083091,False,13,0.7632458322711274,0.28555372625419906
0.5,marshall,0.45,0.45079191410049324,6,0.09841617179901356,False,13,0.9873100374344927,0.29924200611627505
0.5,marshall,0.45,0.44995967091172406,7,0.100080658176552,False,13,0.7418632137474175,0.28146227345159175
0.5,marshall,0.45,0.45021108581128844,8,0.09957782837742324,False,13,0.8710110761760425,0.2795419085853896
0.5,marshall,0.45,0.44992970284568573,9,0.10014059430862857,False,13,0.6454203557427284,0.2222634586021964
0.5,marshall,0.45,0.44879684619109794,10,0.10240630761780421,False,13,0.9839643442105305,0.31559894133957106
0.5,marshall,0.45,0.4499526517494279,11,0.10009469650114428,False,13,0.9504028382350096,0.32493948249130183
0.5,marshall,0.45,0.45120362181351725,12,0.09759275637296563,False,13,0.9999858625868047,0.26601432882231724
0.5,marshall,0.45,0.44954184280446047,13,0.10091631439107912,False,13,0.9999815557028855,0.26229835615139707
0.5,marshall,0.45,0.4498425179300874,14,0.10031496413982532,False,13,0.9415477595209494,0.2968869486305335
0.5,marshall,0.45,0.45081043439410906,15,0.09837913121178196,False,13,0.4436199021776859,0.26896207758570667
0.5,marshall,0.49,0.4899464050038709,0,0.020107189992258426,False,13,0.2861478592390589,0.1339058995521757
0.5,marshall,0.49,0.48954650873654126,1,0.020906982526917563,False,13,0.08770300212382351,0.1872899293463214
0.5,marshall,0.49,0.48758337043279043,2,0.024833259134419285,False,13,0.17459784794985173,0.12550344079005032
0.5,marshall,0.49,0.4900499205286711,3,0.019900158942657925,False,13,0.661135624075668,0.09788276601375002
0.5,marshall,0.49,0.4900600845312743,4,0.019879830937451465,False,13,0.06968050105728303,0.078949929969265
0.5,marshall,0.49,0.48681727913568623,5,0.02636544172862771,False,13,0.54097881593569,0.1097072668767329
0.5,marshall,0.49,0.49049737867746107,6,0.019005242645077913,False,13,0.01725369091801182,0.09404537194019318
0.5,marshall,0.49,0.49027838632044085,7,0.019443227359118416,False,13,0.022913602100278346,0.04786736690515587
0.5,marshall,0.49,0.4895588447587099,8,0.02088231048258027,False,13,0.060718131294025604,0.119690966726434
0.5,marshall,0.49,0.49009627262120614,9,0.019807454757587696,False,13,0.09664460630224501,0.08992408604028637
0.5,marshall,0.49,0.49039350760779826,10,0.019212984784403482,False,13,0.020603305566512714,0.10190438501700383
0.5,marshall,0.49,0.4902398456531375,11,0.019520308693725067,False,13,0.07101877077576457,0.11040861678001568
0.5,marshall,0.49,0.48990588055369716,12,0.020188238892605792,False,13,0.2569022673486275,0.1026270940422469
0.5,marshall,0.49,0.4900496538021043,13,0.019900692395791515,False,13,0.11328278819495045,0.1261487533612462
0.5,marshall,0.49,0.48957872718379664,14,0.02084254563240682,False,13,0.014670399433616158,0.06806959462819481
0.5,marshall,0.49,0.4901574331763996,15,0.01968513364720102,False,13,0.2166408691321155,0.09256966104807844
0.6,marshall,0.001,0.0004235068292108405,0,0.9991529863415782,True,2,1.0,0.9999933693528049
0.6,marshall,0.001,0.001254248957805475,1,0.9974915020843891,True,2,1.0,0.9999625284649463
0.6,marshall,0.001,0.0010581609610696892,2,0.9978836780778606,True,2,1.0,0.9999923430347533
0.6,marshall,0.001,0.0009780714601217429,3,0.9980438570797565,True,2,1.0,0.9999957095528902
0.6,marshall,0.001,0.00044088295086379636,4,0.9991182340982725,True,2,1.0,0.9999933500516658
0.6,marshall,0.001,0.0008636936397407153,5,0.9982726127205186,True,2,1.0,0.999998349174219
0.6,marshall,0.001,0.00023994687365231637,6,0.9995201062526953,True,2,1.0,0.9999990550021887
0.6,marshall,0.001,0.001083927240215227,7,0.9978321455195696,True,2,1.0,0.9999970754943921
0.6,marshall,0.001,0.0005482743201900216,8,0.99890345135962,True,2,1.0,0.9999967680101471
0.6,marshall,0.001,0.0014235630602034695,9,0.9971528738795931,True,3,1.0,0.9999565333812536
0.6,marshall,0.001,0.0011104170112025433,10,0.997779165977595,True,2,1.0,0.9999767970793938
0.6,marshall,0.001,0.0012499109418141413,11,0.9975001781163717,True,2,1.0,0.9999825349707521
0.6,marshall,0.001,0.0010119074106132381,12,0.9979761851787735,True,2,1.0,0.999998416583353
0.6,marshall,0.001,0.0011165529325485699,13,0.9977668941349028,True,2,1.0,0.9999767970793939
0.6,marshall,0.001,0.0009002188598998722,14,0.9981995622802002,True,2,1.0,0.9999950589189115
0.6,marshall,0.001,0.0004675819058446137,15,0.9990648361883108,True,2,1.0,0.9999973211563833
0.6,marshall,0.005,0.00501510411663566,0,0.9899697917667287,True,2,1.0,0.9999288319916833
0.6,marshall,0.005,0.005001783839928987,1,0.989996432320142,True,3,1.0,0.999965114620385
0.6,marshall,0.005,0.006724715494596244,2,0.9865505690108076,True,3,1.0,0.999683658025087
0.6,marshall,0.005,0.0049906662033552054,3,0.9900186675932896,True,3,1.0,0.9999024771838771
0.6,marshall,0.005,0.0051291968418894305,4,0.9897416063162212,True,3,1.0,0.9999036389294693
0.6,marshall,0.005,0.0050025925593261775,5,0.9899948148813476,True,3,1.0,0.9999207560567178
0.6,marshall,0.005,0.0049767824507736,6,0.9900464350984528,True,3,1.0,0.9999475345062825
0.6,marshall,0.005,0.004483654285812188,7,0.9910326914283756,True,2,1.0,0.9999379653513769
0.6,marshall,0.005,0.005016967954847829,8,0.9899660640903043,True,3,1.0,0.9999227103028665
0.6,marshall,0.005,0.0050317270987208645,9,0.9899365458025582,True,3,1.0,0.9999519397810457
0.6,marshall,0.005,0.004896809087309067,10,0.9902063818253819,True,3,1.0,0.9997540338043975
0.6,marshall,0.005,0.005042793004510585,11,0.9899144139909788,True,3,1.0,0.9998875149627746
0.6,marshall,0.005,0.004892607412940717,12,0.9902147851741185,True,3,1.0,0.9999498306309946
0.6,marshall,0.005,0.0048491601077433515,13,0.9903016797845132,True,3,1.0,0.9998911717154801
0.6,marshall,0.005,0.005060155204059039,14,0.989879689591882,True,3,1.0,0.999901673590734
0.6,marshall,0.005,0.0044468692024332976,15,0.9911062615951335,True,3,1.0,0.9999287133745381
0.6,marshall,0.01,0.012652480664886313,0,0.9746950386702273,True,3,1.0,0.9998911639804511
0.6,marshall,0.01,0.010186125432013735,1,0.9796277491359724,True,3,1.0,0.9996412250933695
0.6,marshall,0.01,0.009690471568779706,2,0.9806190568624406,True,3,1.0,0.9998222247524559
0.6,marshall,0.01,0.009310707809591801,3,0.9813785843808164,True,3,1.0,0.9998026823290845
0.6,marshall,0.01,0.01009752035905576,4,0.9798049592818885,True,3,1.0,0.9997635296226541
0.6,marshall,0.01,0.009894083369070269,5,0.9802118332618595,True,3,1.0,0.9996242562560305
0.6,marshall,0.01,0.009999570697725918,6,0.9800008586045481,True,3,1.0,0.9997538753519992
0.6,marshall,0.01,0.00961621649389249,7,0.9807675670122149,True,3,1.0,0.9998070761385622
0.6,marshall,0.01,0.00999285420141919,8,0.9800142915971616,True,3,1.0,0.9997871392066094
0.6,marshall,0.01,0.009654614842562933,9,0.980690770314874,True,3,1.0,0.999760357665044
0.6,marshall,0.01,0.009970912041994566,10,0.9800581759160107,True,3,1.0,0.9997163396699671
0.6,marshall,0.01,0.01002237802409413,11,0.9799552439518117,True,3,1.0,0.9996136827088883
0.6,marshall,0.01,0.010172032805164169,12,0.9796559343896716,True,3,1.0,0.9995799669303036
0.6,marshall,0.01,0.008676425720452805,13,0.9826471485590943,True,3,1.0,0.9997990289381312
0.6,marshall,0.01,0.009987864796886205,14,0.9800242704062275,True,3,1.0,0.9998164457729152
0.6,marshall,0.01,0.009975203804565527,15,0.980049592390869,True,3,1.0,0.9995620582816163
0.6,marshall,0.02,0.019393343825471372,0,0.9612133123490573,True,3,1.0,0.9995414907977057
0.6,marshall,0.02,0.01958926447052787,1,0.9608214710589442,True,3,1.0,0.9994363883395814
0.6,marshall,0.02,0.018318420300717522,2,0.963363159398565,True,3,1.0,0.9994390679175476
0.6,marshall,0.02,0.020359692248984186,3,0.9592806155020315,True,3,1.0,0.9992974426363752
0.6,marshall,0.02,0.02014138623183724,4,0.9597172275363256,True,3,1.0,0.9995211638860441
0.6,marshall,0.02,0.020060004985216658,5,0.9598799900295667,True,3,1.0,0.9995488407672379
0.6,marshall,0.02,0.01993663477126502,6,0.96012673045747,True,3,1.0,0.9992369943590446
0.6,marshall,0.02,0.019987353537491113,7,0.9600252929250178,True,3,1.0,0.9993200061986697
0.6,marshall,0.02,0.019987520377846894,8,0.9600249592443062,True,3,1.0,0.9993518120875589
0.6,marshall,0.02,0.019993374467584084,9,0.9600132510648318,True,3,1.0,0.9997286866897728
0.6,marshall,0.02,0.01966882099283475,10,0.9606623580143305,True,3,1.0,0.998044898353212
0.6,marshall,0.02,0.02038354416693868,11,0.9592329116661227,True,3,1.0,0.9991829705922786
0.6,marshall,0.02,0.02040516439263776,12,0.9591896712147245,True,3,1.0,0.9994052163183791
0.6,marshall,0.02,0.019764191643715796,13,0.9604716167125683,True,3,1.0,0.9993693600605539
0.6,marshall,0.02,0.01985872243222474,14,0.9602825551355505,True,3,1.0,0.9994066818691019
0.6,marshall,0.02,0.019998522848929386,15,0.9600029543021412,True,3,1.0,0.9995418565180899
0.6,marshall,0.05,0.050093733352092364,0,0.8998125332958152,True,3,1.0,0.9979300071452853
0.6,marshall,0.05,0.04728275623083696,1,0.905434487538326,True,3,1.0,0.9980691168967275
0.6,marshall,0.05,0.053498077268578983,2,0.893003845462842,True,4,1.0,0.9968328183138433
0.6,marshall,0.05,0.05049411160618819,3,0.8990117767876236,True,3,1.0,0.9978076198518095
0.6,marshall,0.05,0.04952547670415869,4,0.9009490465916825,True,3,1.0,0.9980081428839966
0.6,marshall,0.05,0.050000465857620614,5,0.8999990682847588,True,3,1.0,0.9980352933080207
0.6,marshall,0.05,0.049333773191784815,6,0.9013324536164303,True,4,1.0,0.9962107841612785
0.6,marshall,0.05,0.05049628893228919,7,0.8990074221354216,True,4,1.0,0.9920593496391714
0.6,marshall,0.05,0.04995678663960878,8,0.9000864267207824,True,4,1.0,0.9980188259461575
0.6,marshall,0.05,0.050091623619090156,9,0.8998167527618197,True,3,1.0,0.9975389689453975
0.6,marshall,0.05,0.04972111468172247,10,0.9005577706365551,True,3,1.0,0.9986757815907574
0.6,marshall,0.05,0.05000127107774761,11,0.8999974578445047,True,3,1.0,0.9970361437486557
0.6,marshall,0.05,0.04813920020159197,12,0.9037215995968161,True,4,1.0,0.9966531253304952
0.6,marshall,0.05,0.050775793532481975,13,0.8984484129350361,True,4,1.0,0.9959417709107694
0.6,marshall,0.05,0.05023431028641884,14,0.8995313794271622,True,3,1.0,0.9968180772128963
0.6,marshall,0.05,0.050593314704744534,15,0.898813370590511,True,3,1.0,0.998150494968151
0.6,marshall,0.1,0.09999847997216735,0,0.8000030400556652,True,4,1.0,0.9893830772662462
0.6,marshall,0.1,0.09969786510454925,1,0.8006042697909015,True,4,1.0,0.9843788710349668
0.6,marshall,0.1,0.10011357599151069,2,0.7997728480169787,True,4,1.0,0.9883940851652432
0.6,marshall,0.1,0.09997782823136658,3,0.8000443435372668,True,4,1.0,0.9872016874237564
0.6,marshall,0.1,0.0994534413392332,4,0.8010931173215334,True,4,1.0,0.9765699085151416
0.6,marshall,0.1,0.10000113366228042,5,0.7999977326754392,True,4,1.0,0.9898738956908782
0.6,marshall,0.1,0.09930672535429472,6,0.8013865492914105,True,4,1.0,0.9926131157737179
0.6,marshall,0.1,0.10040946381673463,7,0.7991810723665308,True,4,1.0,0.993310327600386
0.6,marshall,0.1,0.09709668149645348,8,0.805806637007093,True,4,1.0,0.9925114455525236
0.6,marshall,0.1,0.10005605017605763,9,0.7998878996478848,True,4,1.0,0.9836410367196128
0.6,marshall,0.1,0.1000927145853047,10,0.7998145708293906,True,4,1.0,0.9914348514467622
0.6,marshall,0.1,0.10069473576255832,11,0.7986105284748833,True,4,1.0,0.9897283987310362
0.6,marshall,0.1,0.09975179052535448,12,0.800496418949291,True,4,1.0,0.9884442370720637
0.6,marshall,0.1,0.09932951363435141,13,0.8013409727312971,True,4,1.0,0.989557865207198
0.6,marshall,0.1,0.09843518961856262,14,0.8031296207628746,True,4,1.0,0.9889548980169227
0.6,marshall,0.1,0.10072381416561721,15,0.7985523716687655,True,4,1.0,0.9881460402228666
0.6,marshall,0.15,0.15004285753179547,0,0.6999142849364091,True,4,1.0,0.9671016044596907
0.6,marshall,0.15,0.15002356706022224,1,0.6999528658795555,True,5,1.0,0.9541217849905359
0.6,marshall,0.15,0.1504976013608263,2,0.6990047972783474,True,4,1.0,0.9665104989911298
0.6,marshall,0.15,0.14994604275612056,3,0.7001079144877589,True,5,1.0,0.9728168853547703
0.6,marshall,0.15,0.1497182431973077,4,0.7005635136053847,True,5,1.0,0.9676195957632292
0.6,marshall,0.15,0.14975565330778906,5,0.7004886933844219,True,4,1.0,0.9644707838565771
0.6,marshall,0.15,0.14961390980019182,6,0.7007721803996163,True,5,1.0,0.9672232321521546
0.6,marshall,0.15,0.15084051106997076,7,0.6983189778600584,True,5,1.0,0.9645012829103033
0.6,marshall,0.15,0.1501206455777252,8,0.6997587088445496,True,4,1.0,0.9617606385445536
0.6,marshall,0.15,0.1526490525174884,9,0.6947018949650232,True,4,1.0,0.9557374771717213
0.6,marshall,0.15,0.150548028483644,10,0.698903943032712,True,5,1.0,0.9521032154850946
0.6,marshall,0.15,0.14992228968817933,11,0.7001554206236413,True,5,1.0,0.9566540344649501
0.6,marshall,0.15,0.1501616872725586,12,0.6996766254548827,True,4,1.0,0.9627365237543728
0.6,marshall,0.15,0.14998931372041946,13,0.7000213725591611,True,5,1.0,0.9521353838135111
0.6,marshall,0.15,0.14999793809226672,14,0.7000041238154666,True,5,1.0,0.9587032002920333
0.6,marshall,0.15,0.15069771012625813,15,0.6986045797474838,True,4,1.0,0.9597191945435295
0.6,marshall,0.2,0.1999712970224975,0,0.600057405955005,True,5,1.0,0.9138986255713706
0.6,marshall,0.2,0.20037499830503436,1,0.5992500033899313,True,5,1.0,0.9392665496886041
0.6,marshall,0.2,0.2000144903874294,2,0.5999710192251413,True,5,1.0,0.9290233362991545
0.6,marshall,0.2,0.20000055649548878,3,0.5999988870090224,True,5,1.0,0.9296605061172639
0.6,marshall,0.2,0.1999920102828781,4,0.6000159794342437,True,5,1.0,0.9384859600400284
0.6,marshall,0.2,0.19983880834731865,5,0.6003223833053628,True,5,1.0,0.9251853521180655
0.6,marshall,0.2,0.19994631834522997,6,0.6001073633095401,True,5,1.0,0.9267601456638052
0.6,marshall,0.2,0.19997893468528277,7,0.6000421306294345,True,5,1.0,0.9307415077641784
0.6,marshall,0.2,0.2001226189308053,8,0.5997547621383894,True,5,1.0,0.9224144429586267
0.6,marshall,0.2,0.19994174515512814,9,0.6001165096897437,True,5,1.0,0.9341144635733692
0.6,marshall,0.2,0.2000258994677792,10,0.5999482010644415,True,5,1.0,0.9114629768108924
0.6,marshall,0.2,0.20006725671211173,11,0.5998654865757765,True,5,1.0,0.9237727419955365
0.6,marshall,0.2,0.20013710751314728,12,0.5997257849737054,True,6,1.0,0.8981926292620059
0.6,marshall,0.2,0.19977045328709872,13,0.6004590934258025,True,5,1.0,0.9194318103683545
0.6,marshall,0.2,0.20022186100728281,14,0.5995562779854344,True,5,1.0,0.9096852255997678
0.6,marshall,0.2,0.20000953124504953,15,0.5999809375099009,True,5,1.0,0.9132249990910656
0.6,marshall,0.25,0.24981611555962124,0,0.5003677688807575,True,6,1.0,0.8573895648293242
0.6,marshall,0.25,0.25000307400632044,1,0.499993851987359,True,7,1.0,0.8176813956958775
0.6,marshall,0.25,0.25153293079023453,2,0.49693413841953094,True,5,1.0,0.8693447726773089
0.6,marshall,0.25,0.25002083635630235,3,0.4999583272873953,True,5,1.0,0.8538216754683501
0.6,marshall,0.25,0.24940038316751567,4,0.5011992336649687,True,6,1.0,0.8477723357945597
0.6,marshall,0.25,0.250515613357128,5,0.49896877328574396,True,5,1.0,0.8635778443328652
0.6,marshall,0.25,0.2497628630302614,6,0.5004742739394772,True,6,1.0,0.8491026586113506
0.6,marshall,0.25,0.2500011205581149,7,0.4999977588837702,True,6,1.0,0.8348394411454286
0.6,marshall,0.25,0.24990326789718492,8,0.5001934642056302,True,6,1.0,0.8400481284800766
0.6,marshall,0.25,0.2500935071089241,9,0.4998129857821517,True,6,1.0,0.806181794234451
0.6,marshall,0.25,0.2500060492160176,10,0.4999879015679647,True,5,1.0,0.8572183399136328
0.6,marshall,0.25,0.25000637459093134,11,0.49998725081813733,True,7,1.0,0.828030385207861
0.6,marshall,0.25,0.2496407650293298,12,0.5007184699413403,True,5,1.0,0.8635508520497668
0.6,marshall,0.25,0.2501340393058439,13,0.49973192138831213,True,5,1.0,0.8524256631226751
0.6,marshall,0.25,0.25001830840039796,14,0.49996338319920414,True,6,1.0,0.8349056179397132
0.6,marshall,0.25,0.24998348634410406,15,0.5000330273117918,True,6,1.0,0.8059073328599383
0.6,marshall,0.3,0.3003567926265328,0,0.39928641474693427,True,7,1.0,0.7239815728756532
0.6,marshall,0.3,0.3001865381554874,1,0.3996269236890252,True,7,1.0,0.6976257986389115
0.6,marshall,0.3,0.29932467435282517,2,0.40135065129434977,True,7,1.0,0.7187100992687138
0.6,marshall,0.3,0.30005691374130106,3,0.3998861725173979,True,7,1.0,0.7448620848705967
0.6,marshall,0.3,0.3004133520166966,4,0.39917329596660683,True,7,1.0,0.7240404976005834
0.6,marshall,0.3,0.3002046966595699,5,0.3995906066808602,True,8,1.0,0.6793510141810893
0.6,marshall,0.3,0.3002425659979499,6,0.39951486800410024,True,6,1.0,0.7370856744706957
0.6,marshall,0.3,0.3000027958062407,7,0.39999440838751854,True,6,1.0,0.7165719321228371
0.6,marshall,0.3,0.2990154204491984,8,0.4019691591016032,True,8,1.0,0.7186555900298912
0.6,marshall,0.3,0.2965545132028453,9,0.40689097359430937,True,7,1.0,0.7423132047803456
0.6,marshall,0.3,0.2999792871023578,10,0.4000414257952845,True,7,1.0,0.7127068704315407
0.6,marshall,0.3,0.2950529218867826,11,0.40989415622643477,True,7,1.0,0.7284866190198526
0.6,marshall,0.3,0.29978041803173183,12,0.40043916393653634,True,7,1.0,0.7294999036641594
0.6,marshall,0.3,0.3000947748413901,13,0.39981045031721985,True,7,1.0,0.769919789941025
0.6,marshall,0.3,0.30035939297299447,14,0.39928121405401096,True,6,1.0,0.7325258388486964
0.6,marshall,0.3,0.29978684721349597,15,0.40042630557300796,True,7,1.0,0.7261530010794641
0.6,marshall,0.35,0.3504497922283626,0,0.2991004155432747,True,9,1.0,0.5892165387110221
0.6,marshall,0.35,0.3503927141289852,1,0.2992145717420296,True,10,1.0,0.5647779423849372
0.6,marshall,0.35,0.3500108273740417,2,0.29997834525191663,True,8,1.0,0.575654434255547
0.6,marshall,0.35,0.3501022828885001,3,0.29979543422299976,True,8,1.0,0.625767634401887
0.6,marshall,0.35,0.34924175571853394,4,0.3015164885629321,True,8,1.0,0.6034756784040666
0.6,marshall,0.35,0.3500308349156853,5,0.2999383301686294,True,9,1.0,0.632120946529158
0.6,marshall,0.35,0.3504395672550372,6,0.29912086548992545,True,8,1.0,0.6060540415019675
0.6,marshall,0.35,0.34998578223581533,7,0.3000284355283692,True,8,1.0,0.5555675536510893
0.6,marshall,0.35,0.3503404939583814,8,0.2993190120832372,True,9,1.0,0.598572650718729
0.6,marshall,0.35,0.35405317812522547,9,0.29189364374954896,True,9,1.0,0.5727955934321434
0.6,marshall,0.35,0.35013302901939225,10,0.2997339419612155,True,9,1.0,0.5748834385885475
0.6,marshall,0.35,0.3500070124612094,11,0.2999859750775813,True,8,1.0,0.6096682205012899
0.6,marshall,0.35,0.34982623955297454,12,0.3003475208940509,True,7,1.0,0.5810761250754651
0.6,marshall,0.35,0.34989546900668866,13,0.30020906198662267,True,9,1.0,0.5624155957491084
0.6,marshall,0.35,0.34972763470698154,14,0.3005447305860368,True,7,1.0,0.6359235862318042
0.6,marshall,0.35,0.3503442638838128,15,0.2993114722323745,True,9,1.0,0.6120651333557903
0.6,marshall,0.4,0.40021378065684216,0,0.1995724386863157,True,11,1.0,0.4597506799409067
0.6,marshall,0.4,0.40005432925224094,1,0.19989134149551807,True,9,1.0,0.41501820505858816
0.6,marshall,0.4,0.3997424422083563,2,0.20051511558328744,True,12,1.0,0.4063796940438082
0.6,marshall,0.4,0.39984414623097025,3,0.20031170753805944,True,12,1.0,0.42618623531902605
0.6,marshall,0.4,0.4011695564900448,4,0.1976608870199103,True,11,1.0,0.42524817300869494
0.6,marshall,0.4,0.3999704533102785,5,0.20005909337944308,True,12,1.0,0.38012949450247113
0.6,marshall,0.4,0.40167777709135316,6,0.19664444581729368,True,12,1.0,0.4182212081676584
0.6,marshall,0.4,0.4000450601018034,7,0.19990987979639327,False,13,0.9999032324356159,0.3670285963692308
0.6,marshall,0.4,0.40042958837898135,8,0.1991408232420373,True,10,1.0,0.431927847910585
0.6,marshall,0.4,0.3995650416599631,9,0.20086991668007387,True,9,1.0,0.4365272876194319
0.6,marshall,0.4,0.4003458549889155,10,0.19930829002216893,False,13,1.0,0.4057515346553085
0.6,marshall,0.4,0.40003493953071634,11,0.19993012093856735,True,11,1.0,0.4446031601630609
0.6,marshall,0.4,0.3999239562359865,12,0.20015208752802693,True,11,1.0,0.4141999056063205
0.6,marshall,0.4,0.40014043609950517,13,0.1997191278009896,False,13,0.999986807054962,0.4180320994945646
0.6,marshall,0.4,0.4000847313764696,14,0.19983053724706087,True,12,1.0,0.4147731666190946
0.6,marshall,0.4,0.40203099723889135,15,0.19593800552221732,False,13,1.0,0.3873390540572075
0.6,marshall,0.45,0.4512100708051877,0,0.09757985838962462,False,13,0.9623929640948006,0.19765177872077688
0.6,marshall,0.45,0.4494883367848984,1,0.10102332643020309,False,13,0.739336949321519,0.2637066338794227
0.6,marshall,0.45,0.4498650452971669,2,0.10026990940566623,False,13,0.9120228972274917,0.24301538974846987
0.6,marshall,0.45,0.4499986241514907,3,0.10000275169701862,False,13,0.6212875396369866,0.26724741356296056
0.6,marshall,0.45,0.4501412477446698,4,0.0997175045106603,False,13,0.9999982686499828,0.2364688868128944
0.6,marshall,0.45,0.4495859474989497,5,0.10082810500210058,False,13,0.9113753180654985,0.2954020725951805
0.6,marshall,0.45,0.45030660181445165,6,0.09938679637109671,False,13,0.4169170542972962,0.21807138073331794
0.6,marshall,0.45,0.45000445740530687,7,0.09999108518938625,False,13,0.9567748236624702,0.2112598280330878
0.6,marshall,0.45,0.449874898493039,8,0.10025020301392197,False,13,0.9898779863629374,0.23598543729112492
0.6,marshall,0.45,0.4500608898344939,9,0.09987822033101226,False,13,0.6513827518440208,0.2597687227692518
0.6,marshall,0.45,0.450061444556778,10,0.09987711088644399,False,13,0.8138975188156007,0.263332106966505
0.6,marshall,0.45,0.4495157146900741,11,0.10096857061985172,False,13,0.8816885643606611,0.261693549095383
0.6,marshall,0.45,0.45201806998181493,12,0.09596386003637002,False,13,0.8178090384302414,0.23570259192646137
0.6,marshall,0.45,0.4498457638029846,13,0.10030847239403078,False,13,0.9986596647558701,0.2820904828493511
0.6,marshall,0.45,0.4499741073850529,14,0.10005178522989427,False,13,0.9952622970502709,0.2095662710955395
0.6,marshall,0.45,0.4502766666287006,15,0.09944666674259892,False,13,0.9978328115156294,0.23437424630056322
0.6,marshall,0.49,0.48971797827044256,0,0.020564043459114834,False,13,0.09131805901221851,0.11506246914240201
0.6,marshall,0.49,0.489858664173363,1,0.020282671653274027,False,13,0.07273280478273533,0.10831828775745322
0.6,marshall,0.49,0.4901304433098718,2,0.01973911338025631,False,13,0.0936238291185395,0.15215724375365702
0.6,marshall,0.49,0.48959881523878346,3,0.02080236952243303,False,13,0.0663971487592005,0.08940546020794868
0.6,marshall,0.49,0.48989533871691304,4,0.020209322566173804,False,13,0.05990675595864873,0.12382674817800399
0.6,marshall,0.49,0.4899154753066327,5,0.020169049386734503,False,13,0.12176113500705071,0.06213545952425106
0.6,marshall,0.49,0.4900429267454012,6,0.01991414650919769,False,13,0.11874508193475329,0.07151249780261539
0.6,marshall,0.49,0.4900586062840062,7,0.019882787431987514,False,13,0.1021262839175728,0.11496017000579994
0.6,marshall,0.49,0.4903933419399762,8,0.01921331612004771,False,13,0.15813896107513364,0.09359322084469554
0.6,marshall,0.49,0.4898133380060057,9,0.02037332398798862,False,13,0.051380381742604626,0.09680976830509465
0.6,marshall,0.49,0.49039789599302386,10,0.01920420801395233,False,13,0.06309724664618713,0.10179635979994699
0.6,marshall,0.49,0.49047047123177684,11,0.019059057536446322,False,13,0.08026464311616442,0.07929683897374107
0.6,marshall,0.49,0.48996758086215564,12,0.020064838275688703,False,13,0.1448832878335859,0.06469986964549912
0.6,marshall,0.49,0.49211556269252,13,0.015768874614960085,False,13,0.21870380446210308,0.06819591227832159
0.6,marshall,0.49,0.4900235075145999,14,0.01995298497080026,False,13,0.3572123479240746,0.11480163209786695
0.6,marshall,0.49,0.49001829743486613,15,0.019963405130267682,False,13,0.040889249080129475,0.09031796065151987
1.0,stripe_x,0.001,0.0011432896712879213,0,0.9977134206574241,True,2,1.0,0.9999930386335765
1.0,stripe_x,0.001,0.0010972111187743851,1,0.9978055777624513,True,3,1.0,0.9999730398813318
1.0,stripe_x,0.001,0.001053617729173903,2,0.9978927645416522,True,3,1.0,0.9999938736099823
1.0,stripe_x,0.001,0.001008319801055754,3,0.9979833603978886,True,2,1.0,0.999989043007225
1.0,stripe_x,0.001,0.0009976595205893266,4,0.9980046809588214,True,3,1.0,0.9999944773770972
1.0,stripe_x,0.001,0.0009885888921285035,5,0.998022822215743,True,3,1.0,0.9999888924544764
1.0,stripe_x,0.001,0.001006024705011249,6,0.9979879505899776,True,2,1.0,0.999994030492505
1.0,stripe_x,0.001,0.0010214937612403195,7,0.9979570124775193,True,3,1.0,0.999995255826935
1.0,stripe_x,0.001,0.0005049278362658915,8,0.9989901443274682,True,3,1.0,0.9999977595319405
1.0,stripe_x,0.001,0.0009832637524608144,9,0.9980334724950783,True,2,1.0,0.9999925190154684
1.0,stripe_x,0.001,0.000997143375871048,10,0.9980057132482578,True,3,1.0,0.999994330454044
1.0,stripe_x,0.001,0.0010252931092321353,11,0.9979494137815357,True,3,1.0,0.9999919251238825
1.0,stripe_x,0.001,0.0010533766043801063,12,0.9978932467912398,True,3,1.0,0.9999941747187837
1.0,stripe_x,0.001,0.0010535469795430199,13,0.997892906040914,True,2,1.0,0.9999907624252261
1.0,stripe_x,0.001,0.0009997349263814702,14,0.998000530147237,True,3,1.0,0.9999951758426899
1.0,stripe_x,0.001,0.000180824507003133,15,0.9996383509859937,True,2,1.0,0.9999996495068325
1.0,stripe_x,0.005,0.004249391926949921,0,0.9915012161461002,True,3,1.0,0.9999569854118423
1.0,stripe_x,0.005,0.004985989077217496,1,0.990028021845565,True,3,1.0,0.9999321142639546
1.0,stripe_x,0.005,0.0050129517301498,2,0.9899740965397004,True,3,1.0,0.9999319604073358
1.0,stripe_x,0.005,0.005931674352047957,3,0.988136651295904,True,3,1.0,0.9998468307126835
1.0,stripe_x,0.005,0.00501616333784375,4,0.9899676733243126,True,3,1.0,0.9998740149115142
1.0,stripe_x,0.005,0.005003876413513916,5,0.9899922471729721,True,3,1.0,0.9998823525311291
1.0,stripe_x,0.005,0.0060960352252073975,6,0.9878079295495852,True,3,1.0,0.9999024612422434
1.0,stripe_x,0.005,0.004144580555298061,7,0.9917108388894038,True,3,1.0,0.9999706179444663
1.0,stripe_x,0.005,0.00457334360916103,8,0.9908533127816779,True,3,1.0,0.9999652502017542
1.0,stripe_x,0.005,0.004983957918886555,9,0.9900320841622269,True,3,1.0,0.999938182460033
1.0,stripe_x,0.005,0.0050093599160726116,10,0.9899812801678548,True,3,1.0,0.9999329498883215
1.0,stripe_x,0.005,0.0050002712407022955,11,0.9899994575185955,True,3,1.0,0.9999450313447933
1.0,stripe_x,0.005,0.005961152167280086,12,0.9880776956654398,True,3,1.0,0.9998974592451897
1.0,stripe_x,0.005,0.005174698620122737,13,0.9896506027597545,True,3,1.0,0.9999423486027197
1.0,stripe_x,0.005,0.004952610585536095,14,0.9900947788289278,True,3,1.0,0.9998544090307369
1.0,stripe_x,0.005,0.005693243466395197,15,0.9886135130672097,True,3,1.0,0.9999176118279925
1.0,stripe_x,0.01,0.010009228308776218,0,0.9799815433824476,True,3,1.0,0.9998285915758872
1.0,stripe_x,0.01,0.01003062255325385,1,0.9799387548934924,True,3,1.0,0.9998837061753092
1.0,stripe_x,0.01,0.008998185036980175,2,0.9820036299260396,True,3,1.0,0.9998759898909045
1.0,stripe_x,0.01,0.009556933242578416,3,0.9808861335148431,True,3,1.0,0.9998687629445946
1.0,stripe_x,0.01,0.009960795321407463,4,0.9800784093571852,True,3,1.0,0.9998576896529204
1.0,stripe_x,0.01,0.01026406579735695,5,0.9794718684052861,True,3,1.0,0.9998525892378187
1.0,stripe_x,0.01,0.009943100580157838,6,0.9801137988396843,True,3,1.0,0.9998530847611874
1.0,stripe_x,0.01,0.009060163965556254,7,0.9818796720688876,True,3,1.0,0.9999159024725457
1.0,stripe_x,0.01,0.010103696360859622,8,0.9797926072782808,True,3,1.0,0.9997363875617464
1.0,stripe_x,0.01,0.009988597831167123,9,0.9800228043376658,True,3,1.0,0.9998453979477375
1.0,stripe_x,0.01,0.010422113412479941,10,0.9791557731750402,True,3,1.0,0.9998593874093851
1.0,stripe_x,0.01,0.01109915015197194,11,0.9778016996960561,True,3,1.0,0.9998716706356936
1.0,stripe_x,0.01,0.009542101225882721,12,0.9809157975482345,True,3,1.0,0.9998751930146066
1.0,stripe_x,0.01,0.010410319461761543,13,0.979179361076477,True,3,1.0,0.9998862365123256
1.0,stripe_x,0.01,0.010042647464393062,14,0.9799147050712139,True,3,1.0,0.9998502637172278
1.0,stripe_x,0.01,0.010018068418982121,15,0.9799638631620358,True,3,1.0,0.9998784976127779
1.0,stripe_x,0.02,0.01987782546798218,0,0.9602443490640358,True,3,1.0,0.9996543073355839
1.0,stripe_x,0.02,0.02061336176561781,1,0.9587732764687644,True,3,1.0,0.9996062576320597
1.0,stripe_x,0.02,0.01927118794289357,2,0.9614576241142129,True,3,1.0,0.9996792476499828
1.0,stripe_x,0.02,0.01996483760463541,3,0.9600703247907292,True,3,1.0,0.9996349727350367
1.0,stripe_x,0.02,0.01994947566359058,4,0.9601010486728189,True,3,1.0,0.9995314471261839
1.0,stripe_x,0.02,0.019970798908352898,5,0.9600584021832942,True,3,1.0,0.9995676784599034
1.0,stripe_x,0.02,0.020029908342448634,6,0.9599401833151027,True,3,1.0,0.9997423787212427
1.0,stripe_x,0.02,0.019586483376230972,7,0.9608270332475382,True,3,1.0,0.9997411188471959
1.0,stripe_x,0.02,0.020036765040085856,8,0.9599264699198282,True,3,1.0,0.9996644040261189
1.0,stripe_x,0.02,0.019768391250830387,9,0.9604632174983393,True,3,1.0,0.9996830430787155
1.0,stripe_x,0.02,0.019530495145586958,10,0.9609390097088261,True,3,1.0,0.9997372156420344
1.0,stripe_x,0.02,0.020396554975669792,11,0.9592068900486604,True,3,1.0,0.9996715612575392
1.0,stripe_x,0.02,0.02005828097798791,12,0.9598834380440242,True,3,1.0,0.9997223826954638
1.0,stripe_x,0.02,0.020019702696460293,13,0.9599605946070794,True,3,1.0,0.9996338738967819
1.0,stripe_x,0.02,0.019958839253628985,14,0.9600823214927421,True,3,1.0,0.9996850509364774
1.0,stripe_x,0.02,0.019982315695221475,15,0.9600353686095571,True,3,1.0,0.999569377235159
1.0,stripe_x,0.05,0.04907553045728819,0,0.9018489390854236,True,3,1.0,0.9985614117440234
1.0,stripe_x,0.05,0.04998661883485396,1,0.900026762330292,True,4,1.0,0.9984744661001561
1.0,stripe_x,0.05,0.04992422007275328,2,0.9001515598544935,True,3,1.0,0.9989637077534804
1.0,stripe_x,0.05,0.05000312860055335,3,0.8999937427988933,True,3,1.0,0.9986997106506152
1.0,stripe_x,0.05,0.05000133128589482,4,0.8999973374282104,True,3,1.0,0.9984554968901718
1.0,stripe_x,0.05,0.04923428324637028,5,0.9015314335072595,True,4,1.0,0.9984178530911758
1.0,stripe_x,0.05,0.04999146712234105,6,0.9000170657553179,True,4,1.0,0.9986430306869833
1.0,stripe_x,0.05,0.05040988563110836,7,0.8991802287377834,True,4,1.0,0.9978299601150714
1.0,stripe_x,0.05,0.0498580466554955,8,0.9002839066890089,True,4,1.0,0.9984036086753665
1.0,stripe_x,0.05,0.04990163384368154,9,0.900196732312637,True,4,1.0,0.9982618879266016
1.0,stripe_x,0.05,0.0499647307004802,10,0.9000705385990395,True,3,1.0,0.9988768803799981
1.0,stripe_x,0.05,0.05895877423726198,11,0.882082451525476,True,3,1.0,0.9924460137332071
1.0,stripe_x,0.05,0.06729330850444186,12,0.8654133829911164,True,4,1.0,0.991608331643653
1.0,stripe_x,0.05,0.050747659076823076,13,0.8985046818463538,True,3,1.0,0.9989436869564041
1.0,stripe_x,0.05,0.050326687519915196,14,0.8993466249601696,True,3,1.0,0.9980440744736052
1.0,stripe_x,0.05,0.04998872296183503,15,0.90002255407633,True,3,1.0,0.9986678724688445
1.0,stripe_x,0.1,0.10009064409954412,0,0.7998187118009117,True,4,1.0,0.9939579193453603
1.0,stripe_x,0.1,0.1004566153659188,1,0.7990867692681625,True,4,1.0,0.993373959344845
1.0,stripe_x,0.1,0.09787995777288538,2,0.8042400844542292,True,4,1.0,0.9947559422170096
1.0,stripe_x,0.1,0.09996841240535244,3,0.8000631751892952,True,4,1.0,0.9890346246771046
1.0,stripe_x,0.1,0.09973059380655958,4,0.8005388123868808,True,4,1.0,0.9952905168475292
1.0,stripe_x,0.1,0.10001908700765691,5,0.7999618259846861,True,4,1.0,0.9932453442814693
1.0,stripe_x,0.1,0.11499511115219292,6,0.7700097776956142,True,4,1.0,0.9849888496848654
1.0,stripe_x,0.1,0.10012023857032934,7,0.7997595228593413,True,4,1.0,0.9949902864989455
1.0,stripe_x,0.1,0.0999629176938112,8,0.8000741646123777,True,4,1.0,0.9952915033185521
1.0,stripe_x,0.1,0.10088836429213187,9,0.7982232714157362,True,4,1.0,0.99607219764187
1.0,stripe_x,0.1,0.10000157741635143,10,0.7999968451672972,True,4,1.0,0.9870870954530775
1.0,stripe_x,0.1,0.09999562632919884,11,0.8000087473416024,True,4,1.0,0.9934695388676364
1.0,stripe_x,0.1,0.10058986825032738,12,0.7988202634993452,True,4,1.0,0.9873496822123687
1.0,stripe_x,0.1,0.10050474327598152,13,0.798990513448037,True,4,1.0,0.9964970409479873
1.0,stripe_x,0.1,0.10000540762422382,14,0.7999891847515523,True,4,1.0,0.9941727310154544
1.0,stripe_x,0.1,0.09998355759139232,15,0.8000328848172154,True,4,1.0,0.9940866106663648
1.0,stripe_x,0.15,0.1500190977203163,0,0.6999618045593674,True,4,1.0,0.9647918957856025
1.0,stripe_x,0.15,0.14998744475296186,1,0.7000251104940763,True,4,1.0,0.9823777451104913
1.0,stripe_x,0.15,0.1500123124284916,2,0.6999753751430168,True,4,1.0,0.9680370481213593
1.0,stripe_x,0.15,0.1499935181746473,3,0.7000129636507055,True,4,1.0,0.9800077713008399
1.0,stripe_x,0.15,0.1500750240367486,4,0.6998499519265029,True,5,1.0,0.9259939125134691
1.0,stripe_x,0.15,0.1505387147237045,5,0.698922570552591,True,4,1.0,0.9837350239404827
1.0,stripe_x,0.15,0.1499994140322928,6,0.7000011719354144,True,5,1.0,0.966718247235917
1.0,stripe_x,0.15,0.15001550335283503,7,0.6999689932943299,True,5,1.0,0.9499413338119448
1.0,stripe_x,0.15,0.15017963215184452,8,0.6996407356963109,True,4,1.0,0.9832229140973335
1.0,stripe_x,0.15,0.14968509641332295,9,0.7006298071733541,True,4,1.0,0.98231116915832
1.0,stripe_x,0.15,0.1503490262852517,10,0.6993019474294966,True,4,1.0,0.982382699096408
1.0,stripe_x,0.15,0.14990502413040577,11,0.7001899517391885,True,4,1.0,0.9766242266952729
1.0,stripe_x,0.15,0.14930810512569692,12,0.7013837897486063,True,4,1.0,0.9846708025325465
1.0,stripe_x,0.15,0.14921192445745773,13,0.7015761510850845,True,4,1.0,0.9841780538362314
1.0,stripe_x,0.15,0.15004959544897012,14,0.6999008091020598,True,4,1.0,0.9794197700952092
1.0,stripe_x,0.15,0.1499945578382585,15,0.700010884323483,True,5,1.0,0.9572012279285415
1.0,stripe_x,0.2,0.20444078313760028,0,0.5911184337247994,True,5,1.0,0.9205326295262755
1.0,stripe_x,0.2,0.20000861721071056,1,0.5999827655785788,True,5,1.0,0.8942633400373587
1.0,stripe_x,0.2,0.20459560961273848,2,0.590808780774523,True,5,1.0,0.8678934079492138
1.0,stripe_x,0.2,0.19998536188590813,3,0.6000292762281838,True,6,1.0,0.8567999940411797
1.0,stripe_x,0.2,0.20030190265388187,4,0.5993961946922362,True,5,1.0,0.9117162607480329
1.0,stripe_x,0.2,0.19932885768025344,5,0.6013422846394931,True,4,1.0,0.9500747802038036
1.0,stripe_x,0.2,0.19985926244025,6,0.6002814751195,True,5,1.0,0.9529434746165628
1.0,stripe_x,0.2,0.2000375633239277,7,0.5999248733521447,True,6,1.0,0.8612563419612329
1.0,stripe_x,0.2,0.20722889579960507,8,0.5855422084007897,True,6,1.0,0.8487728438553575
1.0,stripe_x,0.2,0.20005841270762714,9,0.5998831745847457,True,5,1.0,0.9502403724391022
1.0,stripe_x,0.2,0.20018758191202957,10,0.5996248361759409,True,5,1.0,0.8726366635565723
1.0,stripe_x,0.2,0.18267783479999553,11,0.6346443304000089,True,5,1.0,0.9172373687626301
1.0,stripe_x,0.2,0.1995989665461031,12,0.6008020669077938,True,5,1.0,0.8568492257809428
1.0,stripe_x,0.2,0.20001927153387708,13,0.5999614569322458,True,5,1.0,0.8838870581294498
1.0,stripe_x,0.2,0.1999553033336836,14,0.6000893933326328,True,6,1.0,0.9012986343149185
1.0,stripe_x,0.2,0.1999878368172153,15,0.6000243263655693,True,5,1.0,0.906641831723241
1.0,stripe_x,0.25,0.25061653651714355,0,0.49876692696571295,True,6,1.0,0.8256312736476181
1.0,stripe_x,0.25,0.2500580572762084,1,0.4998838854475832,True,6,1.0,0.8064324824292087
1.0,stripe_x,0.25,0.24969541533170925,2,0.5006091693365815,True,6,1.0,0.8143982369850871
1.0,stripe_x,0.25,0.24451943458126774,3,0.5109611308374645,True,5,1.0,0.9116836329658572
1.0,stripe_x,0.25,0.24995405004688342,4,0.5000918999062332,True,5,1.0,0.9001336591394702
1.0,stripe_x,0.25,0.25003505359385503,5,0.4999298928122899,True,6,1.0,0.8149489951243267
1.0,stripe_x,0.25,0.24890226880185573,6,0.5021954623962885,True,6,1.0,0.8240769904733622
1.0,stripe_x,0.25,0.25002896102920197,7,0.49994207794159606,True,5,1.0,0.8792447690954613
1.0,stripe_x,0.25,0.25020897581846746,8,0.4995820483630652,True,5,1.0,0.8851557111035172
1.0,stripe_x,0.25,0.2499798965647382,9,0.5000402068705236,True,6,1.0,0.8239695222288224
1.0,stripe_x,0.25,0.25004633577387836,10,0.4999073284522433,True,6,1.0,0.8168624999333909
1.0,stripe_x,0.25,0.24995827791929393,11,0.5000834441614121,True,5,1.0,0.8906555288393716
1.0,stripe_x,0.25,0.24970891040805185,12,0.5005821791838964,True,6,1.0,0.8255967365752025
1.0,stripe_x,0.25,0.2500807019371962,13,0.49983859612560766,True,6,1.0,0.8278854891606463
1.0,stripe_x,0.25,0.2504320932946591,14,0.4991358134106819,True,6,1.0,0.8288722231719289
1.0,stripe_x,0.25,0.2501575184483064,15,0.4996849631033872,True,5,1.0,0.8880002827045712
1.0,stripe_x,0.3,0.30003165941553095,0,0.39993668116893816,True,5,1.0,0.7834589498214923
1.0,stripe_x,0.3,0.30000028095512565,1,0.3999994380897488,True,6,1.0,0.7768094528838624
1.0,stripe_x,0.3,0.3001605528552188,2,0.3996788942895624,True,6,1.0,0.6895720626967172
1.0,stripe_x,0.3,0.30008811563501536,3,0.39982376872996933,True,7,1.0,0.7308295000470564
1.0,stripe_x,0.3,0.30000979210027034,4,0.3999804157994592,True,5,1.0,0.7821084937730601
1.0,stripe_x,0.3,0.3006346888772574,5,0.39873062224548517,True,6,1.0,0.7741605745649758
1.0,stripe_x,0.3,0.29901791996611016,6,0.40196416006777974,True,7,1.0,0.761608833174118
1.0,stripe_x,0.3,0.29998425991885724,7,0.40003148016228546,True,5,1.0,0.7991220510786383
1.0,stripe_x,0.3,0.30000269028436033,8,0.3999946194312793,True,7,1.0,0.7320927094921548
1.0,stripe_x,0.3,0.29994926678278166,9,0.4001014664344366,True,6,1.0,0.7547602405084632
1.0,stripe_x,0.3,0.2849802367899934,10,0.4300395264200132,True,5,1.0,0.8169756452065757
1.0,stripe_x,0.3,0.29890171041986674,11,0.40219657916026647,True,7,1.0,0.7407344593937399
1.0,stripe_x,0.3,0.2993178409558713,12,0.40136431808825745,True,6,1.0,0.6900367083234175
1.0,stripe_x,0.3,0.30026680896806385,13,0.39946638206387236,True,7,1.0,0.7414100267001951
1.0,stripe_x,0.3,0.3010095543107931,14,0.3979808913784137,True,7,1.0,0.7362530892187118
1.0,stripe_x,0.3,0.2995946864822765,15,0.40081062703544706,True,7,1.0,0.753003404572856
1.0,stripe_x,0.35,0.3500453325831936,0,0.2999093348336128,True,7,1.0,0.6419156566358416
1.0,stripe_x,0.35,0.3548223852526044,1,0.2903552294947912,True,8,1.0,0.5998041830376565
1.0,stripe_x,0.35,0.35599989272685917,2,0.28800021454628166,True,8,1.0,0.6140590369357912
1.0,stripe_x,0.35,0.35043622417888964,3,0.2991275516422207,True,8,1.0,0.5953120705645385
1.0,stripe_x,0.35,0.35100280198728817,4,0.2979943960254237,True,7,1.0,0.6276993783910827
1.0,stripe_x,0.35,0.35001219883441825,5,0.29997560233116344,True,7,1.0,0.602588432408601
1.0,stripe_x,0.35,0.33337240795636147,6,0.333255184087277,True,6,1.0,0.6683136606537181
1.0,stripe_x,0.35,0.3496032027910704,7,0.30079359441785924,True,7,1.0,0.5850784350447206
1.0,stripe_x,0.35,0.3503474949709575,8,0.29930501005808496,True,8,1.0,0.6010967017201188
1.0,stripe_x,0.35,0.35032556356811745,9,0.2993488728637652,True,8,1.0,0.5888249936723039
1.0,stripe_x,0.35,0.350492242641915,10,0.29901551471617005,True,8,1.0,0.5970264094479023
1.0,stripe_x,0.35,0.3494945002707903,11,0.30101099945841936,True,7,1.0,0.6253187407580998
1.0,stripe_x,0.35,0.35001697551516076,12,0.2999660489696784,True,8,1.0,0.61848762152666
1.0,stripe_x,0.35,0.35049088323311206,13,0.2990182335337759,True,7,1.0,0.6171699935966618
1.0,stripe_x,0.35,0.350006325333601,14,0.299987349332798,True,8,1.0,0.5914207062335329
1.0,stripe_x,0.35,0.34952126827527075,15,0.30095746344945845,True,7,1.0,0.6211236546462151
1.0,stripe_x,0.4,0.399986939724998,0,0.2000261205500041,True,10,1.0,0.4338139797236832
1.0,stripe_x,0.4,0.39974360753729293,1,0.20051278492541427,True,10,1.0,0.42752731851986836
1.0,stripe_x,0.4,0.40881484191861583,2,0.1823703161627684,True,8,1.0,0.417472202897407
1.0,stripe_x,0.4,0.3795846897622164,3,0.24083062047556725,True,9,1.0,0.503074937610615
1.0,stripe_x,0.4,0.39445029645562724,4,0.21109940708874542,True,9,1.0,0.44514109103680766
1.0,stripe_x,0.4,0.400015739234756,5,0.19996852153048802,True,8,1.0,0.4534799802825942
1.0,stripe_x,0.4,0.3999997520746574,6,0.20000049585068522,True,11,1.0,0.49189904520021843
1.0,stripe_x,0.4,0.40102397981632676,7,0.19795204036734648,True,9,1.0,0.42843719834142135
1.0,stripe_x,0.4,0.400013007970641,8,0.19997398405871802,True,9,1.0,0.4139283646051839
1.0,stripe_x,0.4,0.4000115221215912,9,0.1999769557568175,True,9,1.0,0.42574616448407476
1.0,stripe_x,0.4,0.4062731542936513,10,0.18745369141269744,True,10,1.0,0.41913329171845604
1.0,stripe_x,0.4,0.40003455383053627,11,0.19993089233892744,True,8,1.0,0.44999520233615076
1.0,stripe_x,0.4,0.39997885846265246,12,0.2000422830746951,True,8,1.0,0.4711574324871537
1.0,stripe_x,0.4,0.4198753015056879,13,0.16024939698862423,True,12,1.0,0.3577623797052873
1.0,stripe_x,0.4,0.4000265410062386,14,0.1999469179875229,True,12,1.0,0.41390639866087425
1.0,stripe_x,0.4,0.3999932380436079,15,0.20001352391278418,True,9,1.0,0.45092891859629214
1.0,stripe_x,0.45,0.4504794356380054,0,0.09904112872398918,False,13,0.8574610093279796,0.37030192889118224
1.0,stripe_x,0.45,0.4499901781569366,1,0.10001964368612691,False,13,0.9733422304698709,0.2638759420558344
1.0,stripe_x,0.45,0.45435579828651473,2,0.09128840342697055,False,13,0.6928524668339253,0.24980765364023055
1.0,stripe_x,0.45,0.46849340748230056,3,0.06301318503539896,False,13,0.03930289817586524,0.2076098519097119
1.0,stripe_x,0.45,0.4654391094592272,4,0.06912178108154562,True,12,1.0,0.1712350222106984
1.0,stripe_x,0.45,0.44450347787985545,5,0.11099304424028919,False,13,0.9876553295786481,0.2732432120984497
1.0,stripe_x,0.45,0.45967033673870683,6,0.08065932652258642,False,13,0.9999954074477537,0.22326042867480853
1.0,stripe_x,0.45,0.4681157787466792,7,0.06376844250664157,False,13,0.033769121236605665,0.2606099043379253
1.0,stripe_x,0.45,0.4469504590563716,8,0.10609908188725686,True,11,1.0,0.2679928323579871
1.0,stripe_x,0.45,0.4510555349308269,9,0.09788893013834628,True,10,1.0,0.29234831453406174
1.0,stripe_x,0.45,0.4501751845694527,10,0.09964963086109445,True,12,1.0,0.2281658682639972
1.0,stripe_x,0.45,0.45005527350910607,11,0.09988945298178781,False,13,0.7853064188800143,0.28187492592694346
1.0,stripe_x,0.45,0.4491857498583278,12,0.1016285002833444,False,13,0.998175580840872,0.2550075665130292
1.0,stripe_x,0.45,0.4491396844771055,13,0.10172063104578893,False,13,0.9718710521170376,0.25787247500712823
1.0,stripe_x,0.45,0.4500157801954197,14,0.09996843960916062,False,13,1.0,0.24457488100497482
1.0,stripe_x,0.45,0.45000271066499153,15,0.09999457867001697,False,13,0.7678652587096819,0.26692301661790363
1.0,stripe_x,0.49,0.490010450212963,0,0.019979099574073927,False,13,0.9970107736738845,0.19622617904794942
1.0,stripe_x,0.49,0.4897084467105356,1,0.020583106578928836,True,11,1.0,0.2700427882518801
1.0,stripe_x,0.49,0.5044701347436562,2,0.008940269487312514,False,13,0.9998975941819792,0.1854296539998358
1.0,stripe_x,0.49,0.490019384551867,3,0.019961230896266006,False,13,1.0,0.1534705352382176
1.0,stripe_x,0.49,0.4902927801579058,4,0.01941443968418847,False,13,0.5936426607629222,0.15877489478331883
1.0,stripe_x,0.49,0.49000029553812374,5,0.019999408923752467,False,13,0.18146519980607478,0.07286621031504767
1.0,stripe_x,0.49,0.4908048449485604,6,0.018390310102879094,False,13,0.9998798452585794,0.18215566952917425
1.0,stripe_x,0.49,0.4890712123331037,7,0.021857575333792584,False,13,0.5456758526004206,0.08245716477844887
1.0,stripe_x,0.49,0.4939774652505734,8,0.01204506949885327,False,13,0.16188528735735286,0.0962239167634557
1.0,stripe_x,0.49,0.4882758411468335,9,0.023448317706333044,False,13,0.996510899675761,0.18583854360031424
1.0,stripe_x,0.49,0.4899867755382921,10,0.020026448923415763,False,13,0.4251529207540682,0.09452267356282615
1.0,stripe_x,0.49,0.49072005960700055,11,0.018559880785999038,False,13,0.9997755818821281,0.15836967814291275
1.0,stripe_x,0.49,0.47911190547429394,12,0.041776189051412185,False,13,0.999696821454549,0.12967502915422152
1.0,stripe_x,0.49,0.4899020275762476,13,0.020195944847504727,False,13,1.0,0.12889287674149796
1.0,stripe_x,0.49,0.4900672495670775,14,0.019865500865845098,False,13,0.3783454384599682,0.11448198753250646
1.0,stripe_x,0.49,0.4899764309995448,15,0.020047138000910316,False,13,0.9956423896554212,0.1791670890209691
