J2,baseline,iteration,O_S,energy_error_per_site,P_stable,threshold_to_next,changed_weight_to_next,oracle_next_O,n_r_groups,state_key
0.5,marshall,0,0.9745380645577972,0.011563388464161606,0.9900679211086552,-6.108998748526373,0.012584143969625535,0.9993188978408843,101,6b6f9d172e6c
0.5,marshall,1,0.9993188978408843,0.0005513810204961223,0.9996584922958057,0.9507453482352444,0.00033966569989251656,0.9999982292406693,83,00409765691f
0.5,marshall,2,0.9999982292406693,1.3187560460314884e-06,0.9999991146203346,-2.289454368245723,8.853796652020858e-07,0.9999999999999998,23,a781eb1429f3
0.5,marshall,3,0.9999999999999998,5.551115123125783e-16,0.9999999999999998,-9.457923351401071,0.0,0.9999999999999998,1,cf9515a52383
0.6,marshall,0,0.7955724433085035,0.07569607758410524,0.9452873835558269,-4.7476503966133,0.1045070717289623,0.9571308288270188,107,6b6f9d172e6c
0.6,marshall,1,0.9571308288270188,0.03713886867448646,0.9765548659469911,1.9196139179726086,0.019740275907193423,0.991266954451322,101,306d369e7d89
0.6,marshall,2,0.991266954451322,0.008009219959053793,0.9956351030931865,3.034797607801522,0.0041846462394496,0.9994437710494288,98,e72afff6b839
0.6,marshall,3,0.9994437710494288,0.0005377134281407958,0.9997218855247144,0.05624735059798258,0.0002781144752855672,1.0,65,3f1c549d7af2
0.6,marshall,4,1.0,6.661338147750939e-16,1.0,-9.414333152242056,0.0,1.0,1,1284701ecd8a
1.0,stripe_x,0,0.9558187845895008,0.02649222063841339,0.9824889636878597,-7.457743557672826,0.022427765767249835,0.9948843846679598,177,6bae463044fb
1.0,stripe_x,1,0.9948843846679598,0.005776365500634095,0.997444736503392,-1.37754792477343,0.0025552634966079764,0.9996917732676208,166,56cd67fa2ef0
1.0,stripe_x,2,0.9996917732676208,0.0004084824955875588,0.9998461674689555,0.866499064352092,0.00015383253104440627,0.9999994383297097,120,0d20b3da6f02
1.0,stripe_x,3,0.9999994383297097,7.930426576541194e-07,0.9999997191648549,-0.8334489918328885,2.808351451488609e-07,1.0,34,8c7a5ccd6113
1.0,stripe_x,4,1.0,-9.992007221626409e-16,1.0,-13.2954902161094,0.0,1.0,1,95b02b156b06
