J2,trial,O_initial,success_exact,iterations,O_final,oracle_O_after_first
0.5,0,0.00915029911994129,False,18,0.10313352701735205,0.11323408210352669
0.5,1,0.01840105280712124,False,25,0.25960832985198845,0.11400718102650745
0.5,2,0.08972136704194075,True,21,0.9999999999999999,0.26483535902777366
0.5,3,0.07061747851793457,False,24,0.28201770640436213,0.2371004341062938
0.5,4,0.05855427249175496,True,21,0.9999999999999999,0.15350322201017672
0.5,5,0.00940208627798767,False,17,0.028406390785537715,0.09806569619671358
0.5,6,0.11840212686805124,True,16,0.9999999999999999,0.3195745328382313
0.5,7,0.005604449078146835,False,18,0.0579015816790537,0.10229445971327646
0.5,8,0.05173619839348435,True,25,0.9999999999999999,0.15518271629510472
0.5,9,0.030026460428637637,False,17,0.13081156058491977,0.12975117947589881
0.5,10,0.061125088309063894,True,22,0.9999999999999999,0.18785185137713645
0.5,11,0.013223412111732733,False,26,0.026568457411712598,0.06484525717512435
0.5,12,0.090791891663034,True,16,0.9999999999999999,0.27980666484894445
0.5,13,0.07333875433832618,False,23,0.5546474249576866,0.18636356551192299
0.5,14,0.014514533255244738,False,30,0.26668739421650894,0.1257069986903994
0.5,15,0.026712027046086453,False,28,0.2934150093310387,0.14059068502237365
0.5,16,0.09633801611237397,True,16,0.9999999999999999,0.2979576016696045
0.5,17,0.010525382769620544,False,23,0.14142181728454192,0.057050221170409504
0.5,18,0.04200484952604639,False,19,0.14330646800991578,0.13443763037442938
0.5,19,0.0652677158392407,True,23,0.9999999999999999,0.18828796275115345
0.5,20,0.021923559610588766,False,33,0.22443106832263354,0.13328983110316645
0.5,21,0.06446183754578941,False,40,0.7935730331065218,0.17357018198166838
0.5,22,0.04937502892276993,False,30,0.33555212593174943,0.12644116117225598
0.5,23,0.09038405083559999,True,23,0.9999999999999999,0.25109561017915016
0.5,24,0.03620005841136968,True,38,0.9999999999999999,0.15465567593475865
0.5,25,0.13197644861844124,True,13,0.9999999999999999,0.3457627926794832
0.5,26,0.07409642659072306,True,16,0.9999999999999999,0.2426676080388152
0.5,27,0.05934634147496048,False,23,0.6218222744894121,0.16371995619221433
0.5,28,0.05122541258440278,True,38,0.9999999999999999,0.13815937470426842
0.5,29,0.048328487644831615,True,21,0.9999999999999999,0.21120869251853036
0.5,30,0.015575846022851808,False,24,0.2903383900000854,0.13539330670028327
0.5,31,0.005472109970998972,False,30,0.2329945508777716,0.06024336457381515
0.5,32,0.06249203575373493,False,23,0.515152877601321,0.16988933516569407
0.5,33,0.0503873919925452,False,26,0.27720514726644874,0.14358574836851024
0.5,34,0.06889539024519697,False,21,0.2763288408252167,0.22492137020580277
0.5,35,0.05308833832863122,True,27,0.9999999999999999,0.16606507736418347
0.5,36,0.03431949077572763,True,40,0.9999999999999999,0.10161663985764802
0.5,37,0.012733133690362546,False,19,0.14893678981681424,0.08343945626175012
0.5,38,0.0573555820250357,True,20,0.9999999999999999,0.20859172565981365
0.5,39,0.0007427808011743649,False,18,0.0018926602378371155,0.0738136002650372
0.5,40,0.046580057709716766,False,31,0.3799545176034951,0.15079064287638858
0.5,41,0.00935082471585947,True,25,0.9999999999999999,0.1379597263911013
0.5,42,0.0061399108305199915,False,25,0.13046350546752816,0.07265098291519559
0.5,43,0.03400260816084795,False,26,0.2506089112989433,0.11103251823132503
0.5,44,0.026911397857728947,False,27,0.36175898958783737,0.13117434955569254
0.5,45,0.018762753152933798,False,32,0.28743560466701434,0.09298411561312966
0.5,46,0.06430505244556227,True,24,0.9999999999999999,0.20236584833089244
0.5,47,0.03347500611231301,False,27,0.4592023012693932,0.15662630133865474
0.5,48,0.06233333542951387,True,24,0.9999999999999999,0.20481217060802198
0.5,49,0.017566674913998513,False,19,0.03680092099459342,0.10535642827457803
0.5,50,0.014006332977982303,False,26,0.2671616040218924,0.0736600402587445
0.5,51,0.09278747690838265,True,18,0.9999999999999999,0.25557391435693644
0.5,52,0.02665291511173998,False,42,0.2676543124679324,0.10498001156224632
0.5,53,0.06415081585579632,False,21,0.28691321960125304,0.21680512470251925
0.5,54,0.07533116994247573,True,25,0.9999999999999999,0.18628329605549204
0.5,55,0.035365646683642366,False,30,0.2279545495412364,0.12594720560801242
0.5,56,0.002573279129697105,False,18,0.09178943836909839,0.09837836143642559
0.5,57,0.009411806833402014,False,25,0.11974988905160003,0.10296077739284464
0.5,58,0.0240954683855127,False,17,0.0252139018025209,0.08962273165816707
0.5,59,0.042210561258210315,True,27,0.9999999999999999,0.12970637788447295
0.5,60,0.060690317852497254,True,29,0.9999999999999999,0.20504872776919772
0.5,61,0.010930626636819242,False,17,0.0782628308334927,0.10157149114239838
0.5,62,0.040126251678363284,True,29,0.9999999999999999,0.20291902503704243
0.5,63,0.01458686687529661,False,21,0.0005440343056764968,0.07234949085014708
0.6,0,0.0417257139758726,True,27,1.0,0.15363109963969843
0.6,1,0.03510829058535274,False,21,0.2074203674031575,0.1343962632443338
0.6,2,0.08710170414643273,True,18,1.0,0.259349736691212
0.6,3,0.10952401438299453,True,16,1.0,0.3109053153521703
0.6,4,0.00088559752975843,False,24,0.021857440271393067,0.060087449221412806
0.6,5,0.04372228986437181,True,27,1.0,0.16628231074229605
0.6,6,0.05747009634874743,True,23,1.0,0.14998597777611888
0.6,7,0.076052186733511,True,21,1.0,0.1819382008785737
0.6,8,0.04352497958590038,False,29,0.1925205953743339,0.11727639437359927
0.6,9,0.03086056178927557,False,37,0.723173759763975,0.10246897898129018
0.6,10,0.06546009962326735,True,19,1.0,0.17761724541398596
0.6,11,0.008871535512767582,False,36,0.29801802815461803,0.0697132734968757
0.6,12,0.06313462399377229,True,26,1.0,0.17305465825452854
0.6,13,0.040416844980242866,False,34,0.49791845803377505,0.14572583075314208
0.6,14,0.05948114097323481,False,31,0.536302922737435,0.17946657327088514
0.6,15,0.011133132171636917,False,21,0.03243355164390481,0.07794238120407446
0.6,16,0.08881871211337147,True,18,1.0,0.2137944632876904
0.6,17,0.11337372552445872,True,12,1.0,0.2781713526336474
0.6,18,0.0019372800736801657,False,26,0.13945113780537324,0.06688522891759005
0.6,19,0.0178278786700924,False,15,0.048823523897857574,0.09266621997905154
0.6,20,0.02034140355869335,False,47,0.5657257379517027,0.07049451888814391
0.6,21,0.014038498636699679,False,23,0.0585219732906581,0.05967131519253287
0.6,22,0.052488924981753504,False,30,0.44123466769737807,0.13305180618919218
0.6,23,0.02025516034425493,False,22,0.24926122864527844,0.09399634131341361
0.6,24,0.023546005961248617,False,45,0.7991238828995328,0.07809034309547154
0.6,25,0.11857544497011387,True,15,1.0,0.29101290138066666
0.6,26,0.052302520358481104,True,27,1.0,0.15873815414670048
0.6,27,0.006315879218383337,False,24,0.04115957981223571,0.06082269785198652
0.6,28,0.04680911695237393,False,21,0.4265951699664876,0.187664242104632
0.6,29,0.043361746454963754,True,27,1.0,0.13661790285686504
0.6,30,0.04059097205834314,False,19,0.11093026271594883,0.16191721028071931
0.6,31,0.06441464553341772,False,23,0.347077538232181,0.14560410633749035
0.6,32,0.007769274181366748,False,26,0.12590861363313244,0.06555964894761422
0.6,33,0.014833707397415019,False,38,0.44517294193040435,0.06897771549514861
0.6,34,0.061949005427248585,False,24,0.4784874034766434,0.155897279015572
0.6,35,0.10503385819955185,True,21,1.0,0.27792582323344933
0.6,36,0.03374964287933857,False,20,0.25593194592991675,0.10991494845939331
0.6,37,0.023321831542445638,True,28,1.0,0.08113409418947112
0.6,38,0.009916384033902699,False,16,0.029933670238875353,0.057844813753762936
0.6,39,0.026495550984993205,False,20,0.06082336332404216,0.0902233368257322
0.6,40,0.014693807438198338,False,27,0.2642160189330087,0.08457151111852618
0.6,41,0.05960614962760753,True,25,1.0,0.15495563056538764
0.6,42,0.038805242268916816,False,25,0.3954074059214992,0.1278179307828821
0.6,43,0.0591600262168987,True,21,1.0,0.18047267845458081
0.6,44,0.06755949819112737,False,24,0.36911444550239375,0.22962573241929646
0.6,45,0.07826171197892103,True,16,1.0,0.22533784475838642
0.6,46,0.03824527651644783,True,26,1.0,0.1620314708056417
0.6,47,0.0671435004847216,True,23,1.0,0.20737098762898215
0.6,48,0.030637066920272585,False,44,0.6728571627261519,0.12596590741975178
0.6,49,0.017166080615028816,False,19,0.03352098663678804,0.10340978728480368
0.6,50,0.04361246141767474,False,33,0.629867471799541,0.1721210874118944
0.6,51,0.039732483630681284,True,23,1.0,0.1472023319655954
0.6,52,0.045723356391023526,True,40,1.0,0.2091945848148497
0.6,53,0.02450278168239205,False,38,0.7597266443383754,0.08603272841183066
0.6,54,0.02253205031346657,False,31,0.25103304975085927,0.09443585159850204
0.6,55,0.007992926134449433,False,23,0.052564833552121944,0.07975955327856783
0.6,56,0.029518678898298706,True,36,1.0,0.09824854377109735
0.6,57,0.055014589210589576,False,25,0.36024586225587085,0.1325512802853827
0.6,58,0.0735515964064932,True,22,1.0,0.1656668576805612
0.6,59,0.00010090838369387206,False,18,0.06296470741046455,0.07207252481967655
0.6,60,0.01482959356754018,False,23,0.07632395734181543,0.09638975925413575
0.6,61,0.015533091251093159,False,22,0.10941294723120978,0.1085883548380419
0.6,62,0.05322819430476356,False,30,0.47032331123901067,0.18649785525903703
0.6,63,0.01892672158569836,False,33,0.3753264191330093,0.05753445348722537
1.0,0,0.13985875008224463,True,12,1.0,0.3100411715758849
1.0,1,0.06517033043276785,False,21,0.0904900979700516,0.2044733433372026
1.0,2,0.02195745487168474,True,22,1.0,0.1122523625822052
1.0,3,0.07318112183472708,True,23,1.0,0.21404147209365976
1.0,4,0.12356080543433245,True,12,1.0,0.30220228703515933
1.0,5,0.0032713238903768656,False,19,0.08415800288847086,0.09460377080618267
1.0,6,0.00443341791701083,False,51,0.3185293446438457,0.14901588389575443
1.0,7,0.05583581944950272,False,32,0.5253434982093734,0.21550886892710114
1.0,8,0.08906313901665544,True,21,1.0,0.25939479252810804
1.0,9,0.1349690528146895,False,17,0.18605560127004367,0.4139265304715738
1.0,10,0.1046837312617334,True,16,1.0,0.2554635285671966
1.0,11,0.07864674919406023,True,21,1.0,0.23271663225579614
1.0,12,0.08763421694129948,True,19,1.0,0.24384152590737385
1.0,13,0.13072224370964847,True,14,1.0,0.3291462209879302
1.0,14,0.09256001272530928,True,25,1.0,0.24241592727128342
1.0,15,0.04513947589410528,True,16,1.0,0.1699179489387602
1.0,16,0.08535517031721568,False,21,0.2620405368118282,0.27108282520211047
1.0,17,0.021196847850468784,False,32,0.008170069054637172,0.09688410651565943
1.0,18,0.017492960410905582,False,23,0.3593935133959071,0.08720841789890996
1.0,19,0.03559501361540701,True,15,1.0,0.1198654537698412
1.0,20,0.08831649809370329,True,25,1.0,0.23567061677168516
1.0,21,0.10047740771960978,True,16,1.0,0.25785631005522713
1.0,22,0.03836953733973748,True,19,1.0,0.10986740277341094
1.0,23,0.12337126547145054,True,14,1.0,0.30220016925547993
1.0,24,0.027144530817207815,True,17,1.0,0.10048998891208778
1.0,25,0.019661120813589842,False,19,0.11453730787310697,0.17147452706895455
1.0,26,0.06803828367329334,False,28,0.07431266376897375,0.23306256543403375
1.0,27,0.08066317489187166,True,25,1.0,0.22981160872960485
1.0,28,0.03477733544523396,True,15,1.0,0.11239393758395935
1.0,29,0.12755138080798845,True,13,1.0,0.30416707818360444
1.0,30,0.00461507006811963,False,37,0.5960775792175932,0.0785266804151099
1.0,31,0.012481368252834302,False,34,0.4016930577601968,0.0833530411994437
1.0,32,0.04949456122563453,True,26,1.0,0.20073298247045987
1.0,33,0.08598275151375903,True,30,1.0,0.24750110758293878
1.0,34,0.003970773810919655,True,25,1.0,0.10567380230631271
1.0,35,0.033632379134930376,True,25,1.0,0.08935115161398514
1.0,36,0.07277270303125037,False,23,0.006403886444330917,0.23008922802989357
1.0,37,0.11656018022121042,True,13,1.0,0.3018039469492454
1.0,38,0.11201221026953373,True,13,1.0,0.29873047099689815
1.0,39,0.09826584306276562,True,19,1.0,0.24189348812107478
1.0,40,0.05105405003306248,True,27,1.0,0.2055571264047167
1.0,41,0.10050158705881712,True,17,1.0,0.24066716633482194
1.0,42,0.06934588695588742,False,35,0.3455871756266365,0.24689854897373284
1.0,43,0.05589046827449365,False,36,0.08612248422563515,0.196417903453074
1.0,44,0.0867489777396922,True,19,1.0,0.24810576699543113
1.0,45,0.047148460771591655,False,22,0.6638847217457329,0.16439180281335744
1.0,46,0.06925059512832489,True,14,1.0,0.18005793474561532
1.0,47,0.011105243393865857,False,24,0.10207871438644733,0.09784161786182852
1.0,48,0.0038901013641531035,False,25,0.008540338987107848,0.08178736668619832
1.0,49,0.10862847797141606,True,15,1.0,0.29070585017642625
1.0,50,0.040759422925249776,True,18,1.0,0.22828408105927075
1.0,51,0.06418545354566649,False,34,0.09542609658964846,0.20797281435700363
1.0,52,0.0234977625707484,True,23,1.0,0.1080532204300669
1.0,53,0.07504599369498524,False,22,0.1573580823535154,0.22933644872681144
1.0,54,0.0992464660197247,True,23,1.0,0.2522885471515973
1.0,55,0.017226014488988566,True,26,1.0,0.11219174189868493
1.0,56,0.06786535747955143,False,29,0.29295930464425013,0.1989935963802923
1.0,57,0.0019196260159811407,False,19,0.13144827054095842,0.09020828088865447
1.0,58,0.012136845476604294,False,22,0.1040661081647005,0.11852692417107485
1.0,59,0.07975091088956221,False,25,0.25993179697620516,0.2609739432319609
1.0,60,0.009135446967787224,False,19,0.13122269646429519,0.10463247088528146
1.0,61,0.03128038961703465,True,23,1.0,0.09035438733969794
1.0,62,0.13553192860371258,True,13,1.0,0.3063471555876368
1.0,63,0.09957275913886507,True,17,1.0,0.2635883955347794
