J2,baseline,gap,threshold_energyopt,threshold_oracle_overlap,oracle_O_S_1,oracle_fixed_amp_error1_per_site,O_S_0,O_S_1,fixed_amp_energy_error0_per_site,fixed_amp_energy_error1_per_site,E_fixed_baseline,E_fixed_step1,P_stable_1,changed_weight,wrong_weight_1
0.6,marshall,0.10890575156081894,-4.962786773232471,-4.962786773232471,0.95713082882708,0.03713886867448557,0.7955724433085032,0.9571308288270186,0.07569607758410457,0.03713886867448557,-7.203195910894545,-7.820111253448449,0.9765548659469911,0.1045070717289625,0.02143458558649067
0.6,stripe_x,0.10890575156081894,0.9822968089959268,-0.11602602388475783,0.798101400624892,0.18823975965716233,0.5697451839539669,0.6952380237625913,0.24325563089189545,0.1770341314872938,-4.522243057969891,-5.581787048443517,0.773790035138018,0.17962982639872094,0.15238098811870435
0.6,stripe_y,0.10890575156081894,0.9822968089959779,-0.11602602388461168,0.7981014006248738,0.18823975965717032,0.5697451839539476,0.6952380237625784,0.24325563089190638,0.17703413148730146,-4.522243057969716,-5.5817870484433945,0.7737900351380078,0.17962982639872915,0.15238098811871076
0.62,marshall,0.09703794084129136,1.6714914460853734,-4.351650076796498,0.8900904039812522,0.11268020725227401,0.7042859003524946,0.6814126959467744,0.1123032569872584,0.09740113642189763,-6.679611298877287,-6.918045227923059,0.9891277989320171,0.01721477351734514,0.1592936520266128
0.62,stripe_x,0.09703794084129136,0.016019033002159056,0.016019033002159056,0.8373599363253957,0.14818774582009736,0.6083600817426504,0.8373599363254168,0.2192187333817962,0.14818774582009736,-4.968963676564682,-6.105459477551864,0.8722558040593795,0.2275590261492736,0.08132003183729158
0.62,stripe_y,0.09703794084129136,0.016019033002170658,0.016019033002170658,0.8373599363253945,0.14818774582009886,0.6083600817426462,0.8373599363254153,0.21921873338179843,0.14818774582009886,-4.9689636765646465,-6.10545947755184,0.8722558040593782,0.22755902614927587,0.08132003183729236
0.64,marshall,0.656928422077069,0.9228979549970056,-4.706986848710992,0.8069471105842161,0.21969963320391572,0.5896665463810208,0.5526987924146674,0.16313225937532616,0.13756709146993584,-5.960785990828766,-6.369828677315011,0.9639566562194563,0.04553522202818035,0.22365060379266627
0.64,stripe_x,0.656928422077069,-0.394132147509729,-0.394132147509729,0.8456465889084381,0.14028031951990205,0.6557257538407615,0.84564658890849,0.18297118731773399,0.14028031951990205,-5.643363143750241,-6.326417028515552,0.8797443635627231,0.1939326529672213,0.07717670554575495
0.64,stripe_y,0.656928422077069,-0.394132147509723,-0.394132147509723,0.8456465889084231,0.14028031951990416,0.6557257538407553,0.8456465889084877,0.18297118731773687,0.14028031951990416,-5.643363143750195,-6.326417028515518,0.8797443635627213,0.1939326529672244,0.07717670554575615
0.66,marshall,0.6824100030951623,1.6716040081860366,-3.432956413229313,0.73052988618317,0.2943251985301536,0.4709603793140976,0.398574332813951,0.22790772067740428,0.1790926351022264,-5.050196043018548,-5.831237412221395,0.9364068177890337,0.07613500930505301,0.30071283359302453
0.66,stripe_x,0.6824100030951623,0.7111485516672253,-0.5582849706071404,0.8669900737808872,0.11807281215018095,0.7075260980373649,0.8065460673361327,0.148637380130188,0.09986485251675298,-6.318521491774009,-7.098881933588969,0.8457056510452028,0.062204418976089616,0.0967269663319337
0.66,stripe_y,0.6824100030951623,0.7111485516672753,-0.5582849706071369,0.8669900737808895,0.1180728121501824,0.7075260980373607,0.8065460673361298,0.1486373801301899,0.09986485251675425,-6.3185214917739785,-7.098881933588949,0.8457056510452006,0.06220441897609043,0.09672696633193519
0.68,marshall,0.7386787575950233,1.8858883062059706,-1.9620309479014733,0.6736150317245679,0.3564840427165308,0.3686699407858576,0.27245010531443786,0.2957732256189541,0.23521001445294942,-4.116733872618725,-5.085745251274799,0.7649770401838566,0.1281985976608645,0.36377494734278104
0.68,stripe_x,0.7386787575950233,-0.6658537770248749,-0.6658537770248749,0.9075312824404587,0.07687851365110998,0.7556888247781578,0.9075312824404808,0.12001334358588489,0.07687851365110998,-6.928891985147832,-7.6190492641042304,0.9400619897640462,0.10899293828246463,0.04623435877975958
0.68,stripe_y,0.7386787575950233,-0.665853777024874,-0.665853777024874,0.9075312824404569,0.0768785136511102,0.7556888247781567,0.9075312824404804,0.12001334358588533,0.0768785136511102,-6.928891985147825,-7.619049264104227,0.9400619897640459,0.10899293828246504,0.04623435877975978
0.7,marshall,0.8173124991846876,2.4569058535450585,-1.8322511398736994,0.6310477720461922,0.4092028014567515,0.2902015534169411,0.21446493885927126,0.359646876685962,0.280799365812958,-3.267379829387571,-4.528940003355635,0.6638714073768552,0.13545311480411815,0.3927675305703644
0.7,stripe_x,0.8173124991846876,-0.008618452971080959,-1.6993182441576087,0.9102123634881288,0.07833522394412185,0.7958626524388319,0.8486879556959552,0.09831260431941202,0.07587085310952912,-7.448728187252371,-7.807796206610497,0.934209381677147,0.03256240646087999,0.0756560221520224
0.7,stripe_y,0.8173124991846876,-0.008618452971082068,-1.6993182441576091,0.9102123634881288,0.07833522394412218,0.795862652438831,0.8486879556959546,0.09831260431941258,0.07587085310952951,-7.448728187252362,-7.807796206610491,0.9342093816771466,0.03256240646088019,0.07565602215202277
0.72,marshall,0.9106550335658508,1.9675203042051579,-0.2607543160018179,0.5815566730967265,0.4540017504284938,0.23311947186263232,0.14893527985554128,0.41675232574883886,0.33725542865529584,-2.540918408675407,-3.812868762172095,0.6184153247334877,0.24146519642732867,0.42553236007222933
0.72,stripe_x,0.9106550335658508,-1.130506879971907,-3.244949960418638,0.9276844850745218,0.07055513958277693,0.8276602463797296,0.9188498508398935,0.08240025164037168,0.06144561972053375,-7.890551594410882,-8.225825705128289,0.95538397510265,0.0710704043660946,0.04057507458005324
0.72,stripe_y,0.9106550335658508,-1.1305068799719609,-3.24494996041866,0.9276844850745252,0.0705551395827757,0.827660246379733,0.918849850839895,0.08240025164037029,0.06144561972053286,-7.890551594410904,-8.225825705128303,0.9553839751026507,0.07107040436609341,0.040575074580052446
0.74,marshall,1.0132903920061054,1.9365887276084721,-0.16704264218733136,0.5554909345538054,0.4895598533456643,0.1920828368948962,0.06659431680633014,0.46720898978711856,0.3680568187590707,-1.9312482485383096,-3.5176829849870757,0.590047271684754,0.27366196233351947,0.46670284159683495
0.74,stripe_x,1.0132903920061054,-3.258562897041201,-3.258562897041201,0.9577390601979417,0.03935891805906577,0.8524622866772865,0.9577390601979869,0.07072364583946289,0.03935891805906577,-8.2750137517008,-8.776849396187155,0.9728575583140964,0.07482866957293151,0.0211304699010066
0.74,stripe_y,1.0132903920061054,-3.2585628970412484,-3.2585628970412484,0.9577390601979647,0.03935891805906411,0.8524622866772918,0.9577390601979885,0.07072364583946045,0.03935891805906411,-8.27501375170084,-8.776849396187181,0.9728575583140973,0.07482866957292929,0.021130469901005748
0.76,marshall,0.1732357437961216,1.7652192271951466,0.12493712194039021,0.534583298035303,0.5192662315742724,0.16230071317518657,0.013233485007009266,0.5120961167113816,0.38985260805211797,-1.4182069693468904,-3.3741031078951074,0.5988894335201485,0.2938894435207535,0.4933832574964954
0.76,stripe_x,0.1732357437961216,-3.923158738077082,-3.923158738077082,0.9666300448952764,0.03163544507628613,0.8719074483919386,0.9666300448953014,0.06199786960606457,0.03163544507628613,-8.619778923031962,-9.105577715508417,0.9807019247364054,0.06408039175034447,0.01668497755234937
0.76,stripe_y,0.1732357437961216,-3.9231587380770856,-3.9231587380770856,0.9666300448952756,0.03163544507628602,0.8719074483919389,0.9666300448953015,0.06199786960606435,0.03163544507628602,-8.619778923031966,-9.105577715508419,0.9807019247364054,0.0640803917503443,0.01668497755234931
0.78,marshall,1.2340288541629292,2.098274746681224,0.3810495916662926,0.4750037822985159,0.5916510386094612,0.1402846089953278,0.028655252349470653,0.5525941494809674,0.40799459916907144,-0.9809433125736566,-3.294536117563993,0.5835753153023648,0.3101533991401204,0.5143276261747354
0.78,stripe_x,1.2340288541629292,-4.386220476101005,-4.528196510246962,0.9720075834005913,0.027355525450510232,0.8873615349662585,0.9717998668178129,0.05532075862811192,0.0273535668728615,-8.937317566219345,-9.384792634303352,0.9838494313616346,0.05508008004158564,0.014100066591093547
0.78,stripe_y,1.2340288541629292,-4.386220476101011,-4.52819651024696,0.9720075834005861,0.027355525450510343,0.8873615349662581,0.9717998668178128,0.05532075862811192,0.027353566872861612,-8.937317566219345,-9.38479263430335,0.9838494313616344,0.055080080041585794,0.014100066591093599
0.8,marshall,1.3487456210033866,2.409985004708816,0.11477032852865773,0.44261372352918177,0.6373320308265203,0.12366358923911441,0.06197089468597452,0.5896981848381527,0.42428913822190617,-0.602190706466027,-3.2487354523259726,0.5840067011030515,0.32338362760949035,0.5309854473429872
0.8,stripe_x,1.3487456210033866,-4.853461629962794,-4.853461629962794,0.9759273519477026,0.024014772846008947,0.8998447282952913,0.9759273519476915,0.05008762243666398,0.024014772846008947,-9.235959704889847,-9.653125298340328,0.9862400581510642,0.048124404048474276,0.012036324026154219
0.8,stripe_y,1.3487456210033866,-4.8534616299627835,-4.8534616299627835,0.9759273519477023,0.02401477284600917,0.8998447282952907,0.9759273519476913,0.050087622436664314,0.02401477284600917,-9.235959704889842,-9.653125298340324,0.9862400581510641,0.04812440404847454,0.012036324026154312
