J2,baseline,gap,O_S_0,O_S_1,fixed_amp_energy_error0_per_site,fixed_amp_energy_error1_per_site,P_stable_1,P_stable_1_unweighted,changed_weight,wrong_weight_1,threshold
0.0,marshall,0.5785983357654363,1.0,1.0,9.992007221626409e-16,9.992007221626409e-16,1.0,1.0,0.0,0.0,-11.228483208428859
0.2,marshall,0.6114007678849251,1.0,1.0,9.992007221626409e-16,9.992007221626409e-16,1.0,1.0,0.0,0.0,-9.917983064478546
0.4,marshall,1.5895683746264702,0.9991281554344912,0.7418611835777958,0.0006049708616884253,0.16506134162642866,0.8670716949822089,0.39425019425019425,0.12948866449668725,0.1290694082111021,-8.792246265566597
0.5,marshall,0.31893429055154066,0.9745380645577978,0.9992629413449461,0.011563388464165048,0.0005905761231284057,0.9996305140478365,0.8644910644910645,0.012556165721656222,0.00036852932752697324,-5.659227579825089
0.6,marshall,0.71028698184129,0.7955724433085034,0.9468153480464256,0.07569607758410457,0.04456211149471179,0.970714552295391,0.5474747474747474,0.11574438017565145,0.026592325976787172,-5.084054215206081
0.8,marshall,1.3487456210033635,0.12366358923911427,0.29196653953729523,0.5896981848381527,0.8013995358837245,0.17716095100571538,0.07257187257187257,0.724604121431881,0.35401673023135244,-4.562560753403966
0.8,stripe_x,1.3487456210033635,0.8998447282952917,0.5925219110372939,0.050087622436655765,0.23684408223873427,0.7698618381080169,0.6764568764568765,0.25249114371926423,0.20373904448135305,-8.856065955817215
0.8,stripe_y,1.3487456210033635,0.8998447282952913,0.5925219110372931,0.050087622436655765,0.2368440822387346,0.7698618381080164,0.6764568764568765,0.25249114371926484,0.20373904448135344,-8.853453775176117
1.0,marshall,0.6866832731213535,0.06421470542957143,0.28218044240280465,0.8699797303354186,0.9395356902410718,0.1664684493326471,0.09494949494949495,0.7904886667093316,0.35890977879859776,-4.819050178596719
1.0,stripe_x,0.6866832731213535,0.9558187845894996,0.6693764627545007,0.026492220638414388,0.23227674626382866,0.8208722527430222,0.7069153069153069,0.1870770522856269,0.16531176862274966,-11.467077956448595
1.0,stripe_y,0.6866832731213535,0.9558187845894996,0.6693764627545005,0.02649222063841461,0.23227674626382877,0.8208722527430221,0.7069153069153069,0.1870770522856271,0.16531176862274982,-11.46742405816996
